Source,Target,interaction_type,group
J36miles,J36miles,ADDED,taylor_swift
Karthikndr,Karthikndr,ADDED,taylor_swift
Karthikndr,Karthikndr,ADDED,taylor_swift
Legobot,Legobot,ADDED,taylor_swift
Legobot,Legobot,ADDED,taylor_swift
Happy5214,Happy5214,ADDED,taylor_swift
Dexbot,Dexbot,ADDED,taylor_swift
Dexbot,Dexbot,ADDED,taylor_swift
Snow Blizzard,Snow Blizzard,ADDED,taylor_swift
Snow Blizzard,Snow Blizzard,ADDED,taylor_swift
VIAFbot,VIAFbot,ADDED,taylor_swift
VIAFbot,VIAFbot,ADDED,taylor_swift
MineoBot,MineoBot,ADDED,taylor_swift
SamoaBot,SamoaBot,ADDED,taylor_swift
SamoaBot,SamoaBot,ADDED,taylor_swift
SamoaBot,SamoaBot,ADDED,taylor_swift
F705i,F705i,ADDED,taylor_swift
Legoktm,Legoktm,ADDED,taylor_swift
BotMultichill,BotMultichill,ADDED,taylor_swift
BotMultichill,BotMultichill,ADDED,taylor_swift
KLBot2,KLBot2,ADDED,taylor_swift
KrBot,KrBot,ADDED,taylor_swift
KrBot,KrBot,ADDED,taylor_swift
GPUBot,GPUBot,ADDED,taylor_swift
UnderlyingBot,UnderlyingBot,ADDED,taylor_swift
Haplology,Haplology,ADDED,taylor_swift
AmaryllisGardener,AmaryllisGardener,ADDED,taylor_swift
AmaryllisGardener,AmaryllisGardener,ADDED,taylor_swift
AmaryllisGardener,AmaryllisGardener,ADDED,taylor_swift
Pasleim,Pasleim,ADDED,taylor_swift
Jura1,Jura1,ADDED,taylor_swift
Jura1,Jura1,ADDED,taylor_swift
SweetBot,SweetBot,ADDED,taylor_swift
99.237.103.23,99.237.103.23,ADDED,taylor_swift
RobotMichiel1972,RobotMichiel1972,ADDED,taylor_swift
KasparBot,KasparBot,ADDED,taylor_swift
KasparBot,KasparBot,ADDED,taylor_swift
Andre Engels,Andre Engels,ADDED,taylor_swift
Wylve,Wylve,ADDED,taylor_swift
PLbot,PLbot,ADDED,taylor_swift
PLbot,PLbot,ADDED,taylor_swift
PLbot,PLbot,ADDED,taylor_swift
PLbot,PLbot,ADDED,taylor_swift
PLbot,PLbot,ADDED,taylor_swift
Damian Vo,Damian Vo,ADDED,taylor_swift
Damian Vo,Damian Vo,ADDED,taylor_swift
Vlsergey,Vlsergey,ADDED,taylor_swift
Nikki,Nikki,ADDED,taylor_swift
Nikki,Nikki,ADDED,taylor_swift
Nikki,Nikki,ADDED,taylor_swift
ShonagonBot,ShonagonBot,ADDED,taylor_swift
Chaotic Good,Chaotic Good,ADDED,taylor_swift
2003:66:8F54:3D0E:3085:BF58:2C53:1192,2003:66:8F54:3D0E:3085:BF58:2C53:1192,ADDED,taylor_swift
2003:66:8F54:3D0E:3085:BF58:2C53:1192,2003:66:8F54:3D0E:3085:BF58:2C53:1192,ADDED,taylor_swift
2003:66:8F4B:C81E:30E2:AE5F:19D0:B1EE,2003:66:8F4B:C81E:30E2:AE5F:19D0:B1EE,ADDED,taylor_swift
Andreasmperu,Andreasmperu,ADDED,taylor_swift
Reinheitsgebot,Reinheitsgebot,ADDED,taylor_swift
Reinheitsgebot,Reinheitsgebot,ADDED,taylor_swift
Reinheitsgebot,Reinheitsgebot,ADDED,taylor_swift
Reinheitsgebot,Reinheitsgebot,ADDED,taylor_swift
Reinheitsgebot,Reinheitsgebot,ADDED,taylor_swift
Reinheitsgebot,Reinheitsgebot,ADDED,taylor_swift
GuzzyG,GuzzyG,ADDED,taylor_swift
Allen4names,Allen4names,ADDED,taylor_swift
NikkiBot,NikkiBot,ADDED,taylor_swift
Irn,Irn,ADDED,taylor_swift
WikiDataMovieDB,WikiDataMovieDB,ADDED,taylor_swift
WikiDataMovieDB,WikiDataMovieDB,ADDED,taylor_swift
WikiDataMovieDB,WikiDataMovieDB,ADDED,taylor_swift
WikiDataMovieDB,WikiDataMovieDB,ADDED,taylor_swift
DavidMar86hdf,DavidMar86hdf,ADDED,taylor_swift
DavidMar86hdf,DavidMar86hdf,ADDED,taylor_swift
Quenhitran,Quenhitran,ADDED,taylor_swift
Quenhitran,Quenhitran,ADDED,taylor_swift
Chetankale1978,Chetankale1978,ADDED,taylor_swift
Salgo60,Salgo60,ADDED,taylor_swift
Salgo60,Salgo60,ADDED,taylor_swift
Salgo60,Salgo60,ADDED,taylor_swift
Salgo60,Salgo60,ADDED,taylor_swift
Salgo60,Salgo60,ADDED,taylor_swift
Thinkcontext,Thinkcontext,ADDED,taylor_swift
Thinkcontext,Thinkcontext,ADDED,taylor_swift
Thierry Caro,Thierry Caro,ADDED,taylor_swift
Thierry Caro,Thierry Caro,ADDED,taylor_swift
Thierry Caro,Thierry Caro,ADDED,taylor_swift
Kooma,Kooma,ADDED,taylor_swift
Mippzon,Mippzon,ADDED,taylor_swift
Pigsonthewing-bot,Pigsonthewing-bot,ADDED,taylor_swift
Spinster,Spinster,ADDED,taylor_swift
Helgi-S,Helgi-S,ADDED,taylor_swift
Jc86035,Jc86035,ADDED,taylor_swift
Jc86035,Jc86035,ADDED,taylor_swift
Jc86035,Jc86035,ADDED,taylor_swift
MatSuBot,MatSuBot,ADDED,taylor_swift
Bamyers99,Bamyers99,ADDED,taylor_swift
Kiwonik,Kiwonik,ADDED,taylor_swift
Lockal,Lockal,ADDED,taylor_swift
Lockal,Lockal,ADDED,taylor_swift
Lockal,Lockal,ADDED,taylor_swift
Lockal,Lockal,ADDED,taylor_swift
Lockal,Lockal,ADDED,taylor_swift
Lockal,Lockal,ADDED,taylor_swift
Prcondo,Prcondo,ADDED,taylor_swift
Envlh,Envlh,ADDED,taylor_swift
Jane023,Jane023,ADDED,taylor_swift
UNDISPUTED,UNDISPUTED,ADDED,taylor_swift
Maxlath,Maxlath,ADDED,taylor_swift
Zenfiric,Zenfiric,ADDED,taylor_swift
Zenfiric,Zenfiric,ADDED,taylor_swift
Pintoch,Pintoch,ADDED,taylor_swift
Pintoch,Pintoch,ADDED,taylor_swift
26 Ramadan,26 Ramadan,ADDED,taylor_swift
YFdyh000,YFdyh000,ADDED,taylor_swift
Engelbert,Engelbert,ADDED,taylor_swift
Lymantria,Lymantria,ADDED,taylor_swift
Cwf97,Cwf97,ADDED,taylor_swift
Ohmyerica,Ohmyerica,ADDED,taylor_swift
Sotho Tal Ker,Sotho Tal Ker,ADDED,taylor_swift
Sotho Tal Ker,Sotho Tal Ker,ADDED,taylor_swift
Sotho Tal Ker,Sotho Tal Ker,ADDED,taylor_swift
Sotho Tal Ker,Sotho Tal Ker,ADDED,taylor_swift
Sotho Tal Ker,Sotho Tal Ker,ADDED,taylor_swift
Sotho Tal Ker,Sotho Tal Ker,ADDED,taylor_swift
Sotho Tal Ker,Sotho Tal Ker,ADDED,taylor_swift
Sotho Tal Ker,Sotho Tal Ker,ADDED,taylor_swift
Mewtwowimmer,Mewtwowimmer,ADDED,taylor_swift
Moebeus,Moebeus,ADDED,taylor_swift
Moebeus,Moebeus,ADDED,taylor_swift
Moebeus,Moebeus,ADDED,taylor_swift
Kam Solusar,Kam Solusar,ADDED,taylor_swift
Kam Solusar,Kam Solusar,ADDED,taylor_swift
Kam Solusar,Kam Solusar,ADDED,taylor_swift
Kam Solusar,Kam Solusar,ADDED,taylor_swift
Kam Solusar,Kam Solusar,ADDED,taylor_swift
Kam Solusar,Kam Solusar,ADDED,taylor_swift
Kam Solusar,Kam Solusar,ADDED,taylor_swift
Kam Solusar,Kam Solusar,ADDED,taylor_swift
Kam Solusar,Kam Solusar,ADDED,taylor_swift
Kam Solusar,Kam Solusar,ADDED,taylor_swift
Kam Solusar,Kam Solusar,ADDED,taylor_swift
Kam Solusar,Kam Solusar,ADDED,taylor_swift
Kam Solusar,Kam Solusar,ADDED,taylor_swift
Kam Solusar,Kam Solusar,ADDED,taylor_swift
Kam Solusar,Kam Solusar,ADDED,taylor_swift
Kam Solusar,Kam Solusar,ADDED,taylor_swift
Kam Solusar,Kam Solusar,ADDED,taylor_swift
Kam Solusar,Kam Solusar,ADDED,taylor_swift
Kam Solusar,Kam Solusar,ADDED,taylor_swift
Kam Solusar,Kam Solusar,ADDED,taylor_swift
Kam Solusar,Kam Solusar,ADDED,taylor_swift
Kam Solusar,Kam Solusar,ADDED,taylor_swift
Kam Solusar,Kam Solusar,ADDED,taylor_swift
Kam Solusar,Kam Solusar,ADDED,taylor_swift
Kam Solusar,Kam Solusar,ADDED,taylor_swift
Kam Solusar,Kam Solusar,ADDED,taylor_swift
Kam Solusar,Kam Solusar,ADDED,taylor_swift
Kam Solusar,Kam Solusar,ADDED,taylor_swift
Kam Solusar,Kam Solusar,ADDED,taylor_swift
Kam Solusar,Kam Solusar,ADDED,taylor_swift
Kam Solusar,Kam Solusar,ADDED,taylor_swift
Kam Solusar,Kam Solusar,ADDED,taylor_swift
Kam Solusar,Kam Solusar,ADDED,taylor_swift
Kam Solusar,Kam Solusar,ADDED,taylor_swift
Pigsonthewing,Pigsonthewing,ADDED,taylor_swift
Trivialist,Trivialist,ADDED,taylor_swift
Trivialist,Trivialist,ADDED,taylor_swift
Abdel Rahman Hany Muhamed,Abdel Rahman Hany Muhamed,ADDED,taylor_swift
Abdel Rahman Hany Muhamed,Abdel Rahman Hany Muhamed,ADDED,taylor_swift
Abdel Rahman Hany Muhamed,Abdel Rahman Hany Muhamed,ADDED,taylor_swift
Abdel Rahman Hany Muhamed,Abdel Rahman Hany Muhamed,ADDED,taylor_swift
Abdel Rahman Hany Muhamed,Abdel Rahman Hany Muhamed,ADDED,taylor_swift
Obsuser,Obsuser,ADDED,taylor_swift
GerardM,GerardM,ADDED,taylor_swift
Btcprox,Btcprox,ADDED,taylor_swift
Btcprox,Btcprox,ADDED,taylor_swift
Trade,Trade,ADDED,taylor_swift
Trade,Trade,ADDED,taylor_swift
Trade,Trade,ADDED,taylor_swift
Trade,Trade,ADDED,taylor_swift
Trade,Trade,ADDED,taylor_swift
Trade,Trade,ADDED,taylor_swift
Trade,Trade,ADDED,taylor_swift
Trade,Trade,ADDED,taylor_swift
Trade,Trade,ADDED,taylor_swift
Trade,Trade,ADDED,taylor_swift
Trade,Trade,ADDED,taylor_swift
Trade,Trade,ADDED,taylor_swift
Trade,Trade,ADDED,taylor_swift
Trade,Trade,ADDED,taylor_swift
Trade,Trade,ADDED,taylor_swift
Trade,Trade,ADDED,taylor_swift
Trade,Trade,ADDED,taylor_swift
Trade,Trade,ADDED,taylor_swift
Trade,Trade,ADDED,taylor_swift
Vojtěch Dostál,Vojtěch Dostál,ADDED,taylor_swift
Vojtěch Dostál,Vojtěch Dostál,ADDED,taylor_swift
Vojtěch Dostál,Vojtěch Dostál,ADDED,taylor_swift
&beer&love,&beer&love,ADDED,taylor_swift
Ghuron,Ghuron,ADDED,taylor_swift
Tinker Bell,Tinker Bell,ADDED,taylor_swift
GryffindorD,GryffindorD,ADDED,taylor_swift
GryffindorD,GryffindorD,ADDED,taylor_swift
GryffindorD,GryffindorD,ADDED,taylor_swift
BrokenSegue,BrokenSegue,ADDED,taylor_swift
BrokenSegue,BrokenSegue,ADDED,taylor_swift
Vladimir Alexiev,Vladimir Alexiev,ADDED,taylor_swift
Aliensh92,Aliensh92,ADDED,taylor_swift
Minerva97,Minerva97,ADDED,taylor_swift
Minerva97,Minerva97,ADDED,taylor_swift
AdamSeattle,AdamSeattle,ADDED,taylor_swift
AdamSeattle,AdamSeattle,ADDED,taylor_swift
AdamSeattle,AdamSeattle,ADDED,taylor_swift
Ontogon,Ontogon,ADDED,taylor_swift
Ontogon,Ontogon,ADDED,taylor_swift
Ontogon,Ontogon,ADDED,taylor_swift
Ontogon,Ontogon,ADDED,taylor_swift
Ontogon,Ontogon,ADDED,taylor_swift
Ontogon,Ontogon,ADDED,taylor_swift
Ontogon,Ontogon,ADDED,taylor_swift
Ontogon,Ontogon,ADDED,taylor_swift
Ontogon,Ontogon,ADDED,taylor_swift
Ontogon,Ontogon,ADDED,taylor_swift
Ontogon,Ontogon,ADDED,taylor_swift
Ontogon,Ontogon,ADDED,taylor_swift
Ontogon,Ontogon,ADDED,taylor_swift
Ontogon,Ontogon,ADDED,taylor_swift
Ontogon,Ontogon,ADDED,taylor_swift
Ontogon,Ontogon,ADDED,taylor_swift
Ontogon,Ontogon,ADDED,taylor_swift
Ontogon,Ontogon,ADDED,taylor_swift
Ontogon,Ontogon,ADDED,taylor_swift
Ontogon,Ontogon,ADDED,taylor_swift
Ontogon,Ontogon,ADDED,taylor_swift
Ontogon,Ontogon,ADDED,taylor_swift
Ontogon,Ontogon,ADDED,taylor_swift
Ontogon,Ontogon,ADDED,taylor_swift
Ontogon,Ontogon,ADDED,taylor_swift
Ontogon,Ontogon,ADDED,taylor_swift
Ontogon,Ontogon,ADDED,taylor_swift
Ontogon,Ontogon,ADDED,taylor_swift
Ontogon,Ontogon,ADDED,taylor_swift
Ontogon,Ontogon,ADDED,taylor_swift
Ontogon,Ontogon,ADDED,taylor_swift
Ontogon,Ontogon,ADDED,taylor_swift
Ontogon,Ontogon,ADDED,taylor_swift
Ontogon,Ontogon,ADDED,taylor_swift
Ontogon,Ontogon,ADDED,taylor_swift
Ontogon,Ontogon,ADDED,taylor_swift
Ontogon,Ontogon,ADDED,taylor_swift
Ontogon,Ontogon,ADDED,taylor_swift
Ontogon,Ontogon,ADDED,taylor_swift
Ontogon,Ontogon,ADDED,taylor_swift
Ontogon,Ontogon,ADDED,taylor_swift
Ontogon,Ontogon,ADDED,taylor_swift
Ontogon,Ontogon,ADDED,taylor_swift
Ontogon,Ontogon,ADDED,taylor_swift
Ontogon,Ontogon,ADDED,taylor_swift
Ontogon,Ontogon,ADDED,taylor_swift
Ontogon,Ontogon,ADDED,taylor_swift
Ontogon,Ontogon,ADDED,taylor_swift
Ontogon,Ontogon,ADDED,taylor_swift
Ontogon,Ontogon,ADDED,taylor_swift
Ontogon,Ontogon,ADDED,taylor_swift
Ontogon,Ontogon,ADDED,taylor_swift
Ontogon,Ontogon,ADDED,taylor_swift
Ontogon,Ontogon,ADDED,taylor_swift
Ontogon,Ontogon,ADDED,taylor_swift
Ontogon,Ontogon,ADDED,taylor_swift
Ontogon,Ontogon,ADDED,taylor_swift
Ontogon,Ontogon,ADDED,taylor_swift
Ontogon,Ontogon,ADDED,taylor_swift
Ontogon,Ontogon,ADDED,taylor_swift
Ontogon,Ontogon,ADDED,taylor_swift
Ontogon,Ontogon,ADDED,taylor_swift
Ontogon,Ontogon,ADDED,taylor_swift
Ontogon,Ontogon,ADDED,taylor_swift
Ontogon,Ontogon,ADDED,taylor_swift
Ontogon,Ontogon,ADDED,taylor_swift
Ontogon,Ontogon,ADDED,taylor_swift
Ontogon,Ontogon,ADDED,taylor_swift
Ontogon,Ontogon,ADDED,taylor_swift
Ontogon,Ontogon,ADDED,taylor_swift
Ontogon,Ontogon,ADDED,taylor_swift
Ontogon,Ontogon,ADDED,taylor_swift
Ontogon,Ontogon,ADDED,taylor_swift
Ontogon,Ontogon,ADDED,taylor_swift
Ontogon,Ontogon,ADDED,taylor_swift
Ontogon,Ontogon,ADDED,taylor_swift
Ontogon,Ontogon,ADDED,taylor_swift
Ontogon,Ontogon,ADDED,taylor_swift
Ontogon,Ontogon,ADDED,taylor_swift
Ontogon,Ontogon,ADDED,taylor_swift
Ontogon,Ontogon,ADDED,taylor_swift
Ontogon,Ontogon,ADDED,taylor_swift
Ontogon,Ontogon,ADDED,taylor_swift
Ontogon,Ontogon,ADDED,taylor_swift
Ontogon,Ontogon,ADDED,taylor_swift
Ontogon,Ontogon,ADDED,taylor_swift
Ontogon,Ontogon,ADDED,taylor_swift
Ontogon,Ontogon,ADDED,taylor_swift
Ontogon,Ontogon,ADDED,taylor_swift
Ontogon,Ontogon,ADDED,taylor_swift
Ontogon,Ontogon,ADDED,taylor_swift
Ontogon,Ontogon,ADDED,taylor_swift
Ontogon,Ontogon,ADDED,taylor_swift
Ontogon,Ontogon,ADDED,taylor_swift
Ontogon,Ontogon,ADDED,taylor_swift
Ontogon,Ontogon,ADDED,taylor_swift
Ontogon,Ontogon,ADDED,taylor_swift
Ontogon,Ontogon,ADDED,taylor_swift
Ontogon,Ontogon,ADDED,taylor_swift
Ontogon,Ontogon,ADDED,taylor_swift
Ontogon,Ontogon,ADDED,taylor_swift
Ontogon,Ontogon,ADDED,taylor_swift
Ontogon,Ontogon,ADDED,taylor_swift
Ontogon,Ontogon,ADDED,taylor_swift
Ontogon,Ontogon,ADDED,taylor_swift
Ontogon,Ontogon,ADDED,taylor_swift
Ontogon,Ontogon,ADDED,taylor_swift
Ontogon,Ontogon,ADDED,taylor_swift
Ontogon,Ontogon,ADDED,taylor_swift
Ontogon,Ontogon,ADDED,taylor_swift
Ontogon,Ontogon,ADDED,taylor_swift
Ontogon,Ontogon,ADDED,taylor_swift
Ontogon,Ontogon,ADDED,taylor_swift
Ontogon,Ontogon,ADDED,taylor_swift
Ontogon,Ontogon,ADDED,taylor_swift
Ontogon,Ontogon,ADDED,taylor_swift
Ontogon,Ontogon,ADDED,taylor_swift
Ontogon,Ontogon,ADDED,taylor_swift
Ontogon,Ontogon,ADDED,taylor_swift
Ontogon,Ontogon,ADDED,taylor_swift
Ontogon,Ontogon,ADDED,taylor_swift
Ontogon,Ontogon,ADDED,taylor_swift
Ontogon,Ontogon,ADDED,taylor_swift
Ontogon,Ontogon,ADDED,taylor_swift
Ontogon,Ontogon,ADDED,taylor_swift
Ontogon,Ontogon,ADDED,taylor_swift
Ontogon,Ontogon,ADDED,taylor_swift
Ontogon,Ontogon,ADDED,taylor_swift
Ontogon,Ontogon,ADDED,taylor_swift
Ontogon,Ontogon,ADDED,taylor_swift
Ontogon,Ontogon,ADDED,taylor_swift
Ontogon,Ontogon,ADDED,taylor_swift
Ontogon,Ontogon,ADDED,taylor_swift
Ontogon,Ontogon,ADDED,taylor_swift
Ontogon,Ontogon,ADDED,taylor_swift
Ontogon,Ontogon,ADDED,taylor_swift
Ontogon,Ontogon,ADDED,taylor_swift
Ontogon,Ontogon,ADDED,taylor_swift
Ontogon,Ontogon,ADDED,taylor_swift
Ontogon,Ontogon,ADDED,taylor_swift
Ontogon,Ontogon,ADDED,taylor_swift
Ontogon,Ontogon,ADDED,taylor_swift
Ontogon,Ontogon,ADDED,taylor_swift
Ontogon,Ontogon,ADDED,taylor_swift
Ontogon,Ontogon,ADDED,taylor_swift
Ontogon,Ontogon,ADDED,taylor_swift
Ontogon,Ontogon,ADDED,taylor_swift
Ontogon,Ontogon,ADDED,taylor_swift
Ontogon,Ontogon,ADDED,taylor_swift
Ontogon,Ontogon,ADDED,taylor_swift
Ontogon,Ontogon,ADDED,taylor_swift
Ontogon,Ontogon,ADDED,taylor_swift
Ontogon,Ontogon,ADDED,taylor_swift
Ontogon,Ontogon,ADDED,taylor_swift
Ontogon,Ontogon,ADDED,taylor_swift
Ontogon,Ontogon,ADDED,taylor_swift
Ontogon,Ontogon,ADDED,taylor_swift
Ontogon,Ontogon,ADDED,taylor_swift
Ontogon,Ontogon,ADDED,taylor_swift
Ontogon,Ontogon,ADDED,taylor_swift
Ontogon,Ontogon,ADDED,taylor_swift
Ontogon,Ontogon,ADDED,taylor_swift
Ontogon,Ontogon,ADDED,taylor_swift
Ontogon,Ontogon,ADDED,taylor_swift
Ontogon,Ontogon,ADDED,taylor_swift
Ontogon,Ontogon,ADDED,taylor_swift
Ontogon,Ontogon,ADDED,taylor_swift
Ontogon,Ontogon,ADDED,taylor_swift
Ontogon,Ontogon,ADDED,taylor_swift
Ontogon,Ontogon,ADDED,taylor_swift
Ontogon,Ontogon,ADDED,taylor_swift
Ontogon,Ontogon,ADDED,taylor_swift
I'mfeistyincognito,I'mfeistyincognito,ADDED,taylor_swift
I'mfeistyincognito,I'mfeistyincognito,ADDED,taylor_swift
Hanif Al Husaini,Hanif Al Husaini,ADDED,taylor_swift
Pamputt,Pamputt,ADDED,taylor_swift
Frlgin,Frlgin,ADDED,taylor_swift
BorkedBot,BorkedBot,ADDED,taylor_swift
Gyrostat,Gyrostat,ADDED,taylor_swift
Yupik,Yupik,ADDED,taylor_swift
Yupik,Yupik,ADDED,taylor_swift
Alneth,Alneth,ADDED,taylor_swift
Pacostein,Pacostein,ADDED,taylor_swift
LimaMarioBot,LimaMarioBot,ADDED,taylor_swift
SINGmeAsadSONG,SINGmeAsadSONG,ADDED,taylor_swift
Hamedkazemi2,Hamedkazemi2,ADDED,taylor_swift
Hamedkazemi2,Hamedkazemi2,ADDED,taylor_swift
Soweego bot,Soweego bot,ADDED,taylor_swift
Soweego bot,Soweego bot,ADDED,taylor_swift
Bargioni,Bargioni,ADDED,taylor_swift
La loi et la justice,La loi et la justice,ADDED,taylor_swift
Meisam,Meisam,ADDED,taylor_swift
Valentina.Anitnelav,Valentina.Anitnelav,ADDED,taylor_swift
Kethyga,Kethyga,ADDED,taylor_swift
Kethyga,Kethyga,ADDED,taylor_swift
Kirilloparma,Kirilloparma,ADDED,taylor_swift
Gerwoman,Gerwoman,ADDED,taylor_swift
Bigbossfarin,Bigbossfarin,ADDED,taylor_swift
Sparkleeldar,Sparkleeldar,ADDED,taylor_swift
Adrianmartinezuwu,Adrianmartinezuwu,ADDED,taylor_swift
Escudero,Escudero,ADDED,taylor_swift
Quesotiotyo,Quesotiotyo,ADDED,taylor_swift
Quesotiotyo,Quesotiotyo,ADDED,taylor_swift
Quesotiotyo,Quesotiotyo,ADDED,taylor_swift
Horcrux,Horcrux,ADDED,taylor_swift
Frettiebot,Frettiebot,ADDED,taylor_swift
Laftp0,Laftp0,ADDED,taylor_swift
MidleadingBot,MidleadingBot,ADDED,taylor_swift
M2k~dewiki,M2k~dewiki,ADDED,taylor_swift
Spinster300,Spinster300,ADDED,taylor_swift
Xdtp,Xdtp,ADDED,taylor_swift
Amadalvarez,Amadalvarez,ADDED,taylor_swift
Keepwishes,Keepwishes,ADDED,taylor_swift
Lolza81,Lolza81,ADDED,taylor_swift
Lolza81,Lolza81,ADDED,taylor_swift
Dux Oppositionis,Dux Oppositionis,ADDED,taylor_swift
Hamuli,Hamuli,ADDED,taylor_swift
Lovelano,Lovelano,ADDED,taylor_swift
Lovelano,Lovelano,ADDED,taylor_swift
INS Pirat,INS Pirat,ADDED,taylor_swift
INS Pirat,INS Pirat,ADDED,taylor_swift
Miikul,Miikul,ADDED,taylor_swift
Gumruch,Gumruch,ADDED,taylor_swift
Gumruch,Gumruch,ADDED,taylor_swift
Gumruch,Gumruch,ADDED,taylor_swift
Gumruch,Gumruch,ADDED,taylor_swift
Joao4669,Joao4669,ADDED,taylor_swift
Shei98,Shei98,ADDED,taylor_swift
Jorgedelatc,Jorgedelatc,ADDED,taylor_swift
Epìdosis,Epìdosis,ADDED,taylor_swift
DinaHerbert,DinaHerbert,ADDED,taylor_swift
Yuriklim,Yuriklim,ADDED,taylor_swift
Ameisenigel,Ameisenigel,ADDED,taylor_swift
KababyZMinsem,KababyZMinsem,ADDED,taylor_swift
Morrelln,Morrelln,ADDED,taylor_swift
Lewis Hulbert,Lewis Hulbert,ADDED,taylor_swift
McMurphy2246,McMurphy2246,ADDED,taylor_swift
McMurphy2246,McMurphy2246,ADDED,taylor_swift
Pyb en résidence,Pyb en résidence,ADDED,taylor_swift
DeltaBot,DeltaBot,ADDED,taylor_swift
Ayack,Ayack,ADDED,taylor_swift
Nvrandow,Nvrandow,ADDED,taylor_swift
Finnius00,Finnius00,ADDED,taylor_swift
Lolnowbu,Dexbot,DELETED,taylor_swift
Lolnowbu,Dexbot,DELETED,taylor_swift
Lolnowbu,SamoaBot,DELETED,taylor_swift
Lolnowbu,SamoaBot,DELETED,taylor_swift
Lolnowbu,VIAFbot,DELETED,taylor_swift
Lolnowbu,Jasper Deng,DELETED,taylor_swift
Dexbot,Lolnowbu,DELETED,taylor_swift
101.100.11.34,PLbot,DELETED,taylor_swift
191.82.52.94,Rschen7754,DELETED,taylor_swift
84.126.41.83,SweetBot,DELETED,taylor_swift
84.126.41.83,KasparBot,DELETED,taylor_swift
Andreasmperu,2003:66:8F4B:C81E:30E2:AE5F:19D0:B1EE,DELETED,taylor_swift
Allen4names,Andreasmperu,DELETED,taylor_swift
Chetankale1978,RobotMichiel1972,DELETED,taylor_swift
187.200.178.56,AmaryllisGardener,DELETED,taylor_swift
Stryn,Thierry Caro,DELETED,taylor_swift
PLbot,ValterVBot,DELETED,taylor_swift
KrBot,Prcondo,DELETED,taylor_swift
176.19.235.3,37.106.132.107,DELETED,taylor_swift
Andreasmperu,Mewtwowimmer,DELETED,taylor_swift
AR.GNV,Moebeus,DELETED,taylor_swift
JJMC89,Abdel Rahman Hany Muhamed,DELETED,taylor_swift
Geraldo Perez,Matixd019,DELETED,taylor_swift
Eduardosalg,2001:B07:A14:4338:7C10:8478:CF53:59A1,DELETED,taylor_swift
Al-Dandoon,Abdel Rahman Hany Muhamed,DELETED,taylor_swift
I'mfeistyincognito,2800:484:4C80:4250:65DE:136F:C5D0:E042,DELETED,taylor_swift
Rommeliosva,Ghuron,DELETED,taylor_swift
Obsuser,BorkedBot,DELETED,taylor_swift
Rommeliosva,I'mfeistyincognito,DELETED,taylor_swift
CommonsDelinker,Adrianmartinezuwu,DELETED,taylor_swift
Bigbossfarin,Ontogon,DELETED,taylor_swift
KrBot,Hamuli,DELETED,taylor_swift
Twofivesixbot,Soweego bot,DELETED,taylor_swift
Ameisenigel,Pacostein,DELETED,taylor_swift
Ameisenigel,Ontogon,DELETED,taylor_swift
Ameisenigel,Tinker Bell,DELETED,taylor_swift
Epìdosis,Reinheitsgebot,DELETED,taylor_swift
Soylacarli,DeltaBot,DELETED,taylor_swift
Ontogon,Trivialist,DELETED,taylor_swift
Legobot,J36miles,MODIFIED,taylor_swift
RobotMichiel1972,Happy5214,MODIFIED,taylor_swift
Legobot,RobotMichiel1972,MODIFIED,taylor_swift
107.8.25.56,Legobot,MODIFIED,taylor_swift
Stryn,107.8.25.56,MODIFIED,taylor_swift
66.229.136.167,Karthikndr,MODIFIED,taylor_swift
Jasper Deng,66.229.136.167,MODIFIED,taylor_swift
96.32.122.6,Legobot,MODIFIED,taylor_swift
96.32.122.6,Legobot,MODIFIED,taylor_swift
Faithandmollyrock,96.32.122.6,MODIFIED,taylor_swift
Stryn,Faithandmollyrock,MODIFIED,taylor_swift
Stryn,96.32.122.6,MODIFIED,taylor_swift
SamoaBot,VIAFbot,MODIFIED,taylor_swift
Hatto,Jasper Deng,MODIFIED,taylor_swift
Jasper Deng,Hatto,MODIFIED,taylor_swift
62.171.198.5,Stryn,MODIFIED,taylor_swift
Snow Blizzard,62.171.198.5,MODIFIED,taylor_swift
VIAFbot,Stryn,MODIFIED,taylor_swift
SamoaBot,MineoBot,MODIFIED,taylor_swift
VIAFbot,Snow Blizzard,MODIFIED,taylor_swift
Lolnowbu,VIAFbot,MODIFIED,taylor_swift
Lolnowbu,VIAFbot,MODIFIED,taylor_swift
Lolnowbu,Stryn,MODIFIED,taylor_swift
Lolnowbu,Snow Blizzard,MODIFIED,taylor_swift
Lolnowbu,Snow Blizzard,MODIFIED,taylor_swift
SamoaBot,Lolnowbu,MODIFIED,taylor_swift
SamoaBot,Lolnowbu,MODIFIED,taylor_swift
Okras,SamoaBot,MODIFIED,taylor_swift
Legobot,Legoktm,MODIFIED,taylor_swift
Zuphilip,Legobot,MODIFIED,taylor_swift
Kenna 1D lover Niall,KrBot,MODIFIED,taylor_swift
Kenna 1D lover Niall,Legobot,MODIFIED,taylor_swift
Rschen7754,Kenna 1D lover Niall,MODIFIED,taylor_swift
Rschen7754,Kenna 1D lover Niall,MODIFIED,taylor_swift
PLbot,SamoaBot,MODIFIED,taylor_swift
PLbot,SamoaBot,MODIFIED,taylor_swift
101.100.11.34,UnderlyingBot,MODIFIED,taylor_swift
Haplology,101.100.11.34,MODIFIED,taylor_swift
GerardM,Lolnowbu,MODIFIED,taylor_swift
AmaryllisGardener,Haplology,MODIFIED,taylor_swift
Infovarius,GerardM,MODIFIED,taylor_swift
GerardM,Infovarius,MODIFIED,taylor_swift
Andreasmperu,GerardM,MODIFIED,taylor_swift
Coyau,Andreasmperu,MODIFIED,taylor_swift
Rezabot,Coyau,MODIFIED,taylor_swift
189.214.3.176,Lolnowbu,MODIFIED,taylor_swift
Stryn,189.214.3.176,MODIFIED,taylor_swift
Sjoerddebruin,99.237.103.23,MODIFIED,taylor_swift
Quenhitran,KLBot2,MODIFIED,taylor_swift
Coyau,Rezabot,MODIFIED,taylor_swift
88.26.229.119,AmaryllisGardener,MODIFIED,taylor_swift
Andreasmperu,88.26.229.119,MODIFIED,taylor_swift
217.114.169.254,Sjoerddebruin,MODIFIED,taylor_swift
Stryn,217.114.169.254,MODIFIED,taylor_swift
181.163.215.230,Coyau,MODIFIED,taylor_swift
Andreasmperu,181.163.215.230,MODIFIED,taylor_swift
187.138.151.33,Haplology,MODIFIED,taylor_swift
Andreasmperu,187.138.151.33,MODIFIED,taylor_swift
Vlsergey,Stryn,MODIFIED,taylor_swift
SourcererBot,Jura1,MODIFIED,taylor_swift
Innotata,Vlsergey,MODIFIED,taylor_swift
PLbot,Innotata,MODIFIED,taylor_swift
Nikki,Damian Vo,MODIFIED,taylor_swift
KrBot,Andreasmperu,MODIFIED,taylor_swift
Stryn,KrBot,MODIFIED,taylor_swift
84.126.41.83,Andreasmperu,MODIFIED,taylor_swift
84.126.41.83,Stryn,MODIFIED,taylor_swift
84.126.41.83,PLbot,MODIFIED,taylor_swift
84.126.41.83,PLbot,MODIFIED,taylor_swift
84.126.41.83,Zuphilip,MODIFIED,taylor_swift
84.126.41.83,Pasleim,MODIFIED,taylor_swift
Nikki,84.126.41.83,MODIFIED,taylor_swift
Nikki,84.126.41.83,MODIFIED,taylor_swift
Nikki,84.126.41.83,MODIFIED,taylor_swift
Nikki,84.126.41.83,MODIFIED,taylor_swift
Nikki,84.126.41.83,MODIFIED,taylor_swift
213.57.147.126,Nikki,MODIFIED,taylor_swift
Gregory Jose Ramirez Silva,Nikki,MODIFIED,taylor_swift
Jon Harald Søby,Gregory Jose Ramirez Silva,MODIFIED,taylor_swift
ShonagonBot,Nikki,MODIFIED,taylor_swift
ShonagonBot,Nikki,MODIFIED,taylor_swift
Andreasmperu,Nikki,MODIFIED,taylor_swift
177.91.254.3,213.57.147.126,MODIFIED,taylor_swift
Haplology,177.91.254.3,MODIFIED,taylor_swift
24.246.30.89,Jon Harald Søby,MODIFIED,taylor_swift
190.232.61.5,24.246.30.89,MODIFIED,taylor_swift
Andreasmperu,190.232.61.5,MODIFIED,taylor_swift
Pasleim,Andreasmperu,MODIFIED,taylor_swift
FocalPoint,Andreasmperu,MODIFIED,taylor_swift
187.200.178.56,ShonagonBot,MODIFIED,taylor_swift
Irn,187.200.178.56,MODIFIED,taylor_swift
89.128.9.179,Pasleim,MODIFIED,taylor_swift
89.128.9.179,Stryn,MODIFIED,taylor_swift
89.128.9.179,FocalPoint,MODIFIED,taylor_swift
89.128.9.179,KasparBot,MODIFIED,taylor_swift
89.128.9.179,Jura1,MODIFIED,taylor_swift
89.128.9.179,GuzzyG,MODIFIED,taylor_swift
89.128.9.179,Nikki,MODIFIED,taylor_swift
89.128.9.179,Haplology,MODIFIED,taylor_swift
Jared Preston,89.128.9.179,MODIFIED,taylor_swift
Jared Preston,89.128.9.179,MODIFIED,taylor_swift
Jared Preston,89.128.9.179,MODIFIED,taylor_swift
Jared Preston,89.128.9.179,MODIFIED,taylor_swift
Jared Preston,89.128.9.179,MODIFIED,taylor_swift
Jared Preston,89.128.9.179,MODIFIED,taylor_swift
Jared Preston,89.128.9.179,MODIFIED,taylor_swift
Jared Preston,89.128.9.179,MODIFIED,taylor_swift
Jared Preston,89.128.9.179,MODIFIED,taylor_swift
108.28.97.214,Jared Preston,MODIFIED,taylor_swift
108.28.97.214,Jared Preston,MODIFIED,taylor_swift
Jared Preston,108.28.97.214,MODIFIED,taylor_swift
Jared Preston,108.28.97.214,MODIFIED,taylor_swift
ValterVBot,AmaryllisGardener,MODIFIED,taylor_swift
OsvátA,Wylve,MODIFIED,taylor_swift
PLbot,Jared Preston,MODIFIED,taylor_swift
SweetBot,Nikki,MODIFIED,taylor_swift
SweetBot,Jared Preston,MODIFIED,taylor_swift
Harmonia Amanda,SweetBot,MODIFIED,taylor_swift
190.208.154.48,Jared Preston,MODIFIED,taylor_swift
190.208.154.48,Allen4names,MODIFIED,taylor_swift
190.208.154.48,SourcererBot,MODIFIED,taylor_swift
190.208.154.48,ShonagonBot,MODIFIED,taylor_swift
Ajraddatz,190.208.154.48,MODIFIED,taylor_swift
Ajraddatz,190.208.154.48,MODIFIED,taylor_swift
Ajraddatz,190.208.154.48,MODIFIED,taylor_swift
Ajraddatz,190.208.154.48,MODIFIED,taylor_swift
216.56.81.226,PLbot,MODIFIED,taylor_swift
Stryn,216.56.81.226,MODIFIED,taylor_swift
KrBot,Salgo60,MODIFIED,taylor_swift
KrBot,PLbot,MODIFIED,taylor_swift
Mbchbot,KrBot,MODIFIED,taylor_swift
MatSuBot,Ajraddatz,MODIFIED,taylor_swift
Innotata,OsvátA,MODIFIED,taylor_swift
170.178.137.5,Ajraddatz,MODIFIED,taylor_swift
Helgi-S,Nikki,MODIFIED,taylor_swift
OT38,Quenhitran,MODIFIED,taylor_swift
Danrok,Harmonia Amanda,MODIFIED,taylor_swift
Zaccarias,Danrok,MODIFIED,taylor_swift
Asav,SweetBot,MODIFIED,taylor_swift
Asav,OT38,MODIFIED,taylor_swift
DeltaBot,Asav,MODIFIED,taylor_swift
Hari Paudyel,Jared Preston,MODIFIED,taylor_swift
37.106.132.107,Chetankale1978,MODIFIED,taylor_swift
205.133.147.153,170.178.137.5,MODIFIED,taylor_swift
Kam Solusar,205.133.147.153,MODIFIED,taylor_swift
152.26.194.40,Salgo60,MODIFIED,taylor_swift
152.26.194.40,Salgo60,MODIFIED,taylor_swift
152.26.194.40,Salgo60,MODIFIED,taylor_swift
Kam Solusar,152.26.194.40,MODIFIED,taylor_swift
Kam Solusar,152.26.194.40,MODIFIED,taylor_swift
Kam Solusar,152.26.194.40,MODIFIED,taylor_swift
2A02:1810:4F2B:6500:6DAA:17C0:55CA:B1E5,Ajraddatz,MODIFIED,taylor_swift
KrBot,2A02:1810:4F2B:6500:6DAA:17C0:55CA:B1E5,MODIFIED,taylor_swift
Maxlath,PLbot,MODIFIED,taylor_swift
194.83.172.71,Irn,MODIFIED,taylor_swift
Kam Solusar,194.83.172.71,MODIFIED,taylor_swift
174.34.4.36,MatSuBot,MODIFIED,taylor_swift
Kam Solusar,174.34.4.36,MODIFIED,taylor_swift
112.134.37.37,Kiwonik,MODIFIED,taylor_swift
Kam Solusar,112.134.37.37,MODIFIED,taylor_swift
176.19.235.3,Hari Paudyel,MODIFIED,taylor_swift
MsynBot,ShonagonBot,MODIFIED,taylor_swift
MsynBot,GPUBot,MODIFIED,taylor_swift
Saeedswift,Jared Preston,MODIFIED,taylor_swift
Saeedswift,Ajraddatz,MODIFIED,taylor_swift
72.142.76.228,Kam Solusar,MODIFIED,taylor_swift
72.142.76.228,Kam Solusar,MODIFIED,taylor_swift
72.142.76.228,Kam Solusar,MODIFIED,taylor_swift
Jmh2o,72.142.76.228,MODIFIED,taylor_swift
Jmh2o,72.142.76.228,MODIFIED,taylor_swift
DeltaBot,72.142.76.228,MODIFIED,taylor_swift
Flávio Nuno Neves Rodrigues,PLbot,MODIFIED,taylor_swift
KrBot,DeltaBot,MODIFIED,taylor_swift
KrBot,Jmh2o,MODIFIED,taylor_swift
Meno25,Vlsergey,MODIFIED,taylor_swift
2601:2C6:4B80:1B25:E144:28FE:2EC7:A585,Jared Preston,MODIFIED,taylor_swift
2601:2C6:4B80:1B25:E144:28FE:2EC7:A585,Chaotic Good,MODIFIED,taylor_swift
Andreasmperu,2601:2C6:4B80:1B25:E144:28FE:2EC7:A585,MODIFIED,taylor_swift
MsynBot,KrBot,MODIFIED,taylor_swift
Moebeus,Lymantria,MODIFIED,taylor_swift
Moebeus,Kam Solusar,MODIFIED,taylor_swift
Moebeus,KrBot,MODIFIED,taylor_swift
Moebeus,Damian Vo,MODIFIED,taylor_swift
Gumruch,Meno25,MODIFIED,taylor_swift
Prcondo,Kam Solusar,MODIFIED,taylor_swift
Abdu Hany,Gumruch,MODIFIED,taylor_swift
Abdu Hany,176.19.235.3,MODIFIED,taylor_swift
Abdu Hany,Zenfiric,MODIFIED,taylor_swift
Abdu Hany,Zaccarias,MODIFIED,taylor_swift
Abdu Hany,Thierry Caro,MODIFIED,taylor_swift
Abdu Hany,DeltaBot,MODIFIED,taylor_swift
Abdu Hany,UNDISPUTED,MODIFIED,taylor_swift
Nhphuongltv,Abdu Hany,MODIFIED,taylor_swift
Ghuron,Jared Preston,MODIFIED,taylor_swift
Rorschach,Maxlath,MODIFIED,taylor_swift
AR.GNV,Abdu Hany,MODIFIED,taylor_swift
PintochBot,AR.GNV,MODIFIED,taylor_swift
PintochBot,AR.GNV,MODIFIED,taylor_swift
PintochBot,Thinkcontext,MODIFIED,taylor_swift
68.203.168.246,AR.GNV,MODIFIED,taylor_swift
27.60.169.204,Prcondo,MODIFIED,taylor_swift
71.163.61.144,Saeedswift,MODIFIED,taylor_swift
Kam Solusar,71.163.61.144,MODIFIED,taylor_swift
Hddty,Asav,MODIFIED,taylor_swift
207.102.180.121,MsynBot,MODIFIED,taylor_swift
Kam Solusar,207.102.180.121,MODIFIED,taylor_swift
82.166.126.149,Abdel Rahman Hany Muhamed,MODIFIED,taylor_swift
2601:18D:4700:949F:DC53:4FFE:5450:A7D9,68.203.168.246,MODIFIED,taylor_swift
83.202.137.163,Mbchbot,MODIFIED,taylor_swift
Arivgao,Andreasmperu,MODIFIED,taylor_swift
72.70.37.196,2601:18D:4700:949F:DC53:4FFE:5450:A7D9,MODIFIED,taylor_swift
Arivgao,Abdu Hany,MODIFIED,taylor_swift
Arivgao,Nhphuongltv,MODIFIED,taylor_swift
Arivgao,27.60.169.204,MODIFIED,taylor_swift
Toglenn,72.70.37.196,MODIFIED,taylor_swift
DeltaBot,Toglenn,MODIFIED,taylor_swift
2601:18D:4700:949F:C87C:F1F0:4A9:45DE,DeltaBot,MODIFIED,taylor_swift
Tinker Bell,Trade,MODIFIED,taylor_swift
2601:18D:4700:949F:8CCF:88EA:214E:74F2,2601:18D:4700:949F:C87C:F1F0:4A9:45DE,MODIFIED,taylor_swift
Abdel Rahman Hany Muhamed,2601:18D:4700:949F:8CCF:88EA:214E:74F2,MODIFIED,taylor_swift
Abdel Rahman Hany Muhamed,Moebeus,MODIFIED,taylor_swift
Abdel Rahman Hany Muhamed,MatSuBot,MODIFIED,taylor_swift
Abdel Rahman Hany Muhamed,Abdu Hany,MODIFIED,taylor_swift
Abdel Rahman Hany Muhamed,Ghuron,MODIFIED,taylor_swift
Abdel Rahman Hany Muhamed,Arivgao,MODIFIED,taylor_swift
Abdel Rahman Hany Muhamed,Arivgao,MODIFIED,taylor_swift
170.185.92.17,Kam Solusar,MODIFIED,taylor_swift
Do not follow,170.185.92.17,MODIFIED,taylor_swift
Matixd019,Helgi-S,MODIFIED,taylor_swift
2A01:6500:A040:369B:17CD:67F5:56D:1A00,82.166.126.149,MODIFIED,taylor_swift
2001:B07:A14:4338:7C10:8478:CF53:59A1,2A01:6500:A040:369B:17CD:67F5:56D:1A00,MODIFIED,taylor_swift
Bcxfu75k,Hddty,MODIFIED,taylor_swift
Simona vy,Innotata,MODIFIED,taylor_swift
Davidpar,Simona vy,MODIFIED,taylor_swift
Simona vy,Davidpar,MODIFIED,taylor_swift
Nvrandow,Abdel Rahman Hany Muhamed,MODIFIED,taylor_swift
AR.GNV,Abdel Rahman Hany Muhamed,MODIFIED,taylor_swift
SilentSpikeBot,Rorschach,MODIFIED,taylor_swift
Reinheitsgebot,Tinker Bell,MODIFIED,taylor_swift
95.12.198.245,Kam Solusar,MODIFIED,taylor_swift
Trade,95.12.198.245,MODIFIED,taylor_swift
85.250.187.207,Minerva97,MODIFIED,taylor_swift
2800:484:4C80:4250:65DE:136F:C5D0:E042,85.250.187.207,MODIFIED,taylor_swift
I'mfeistyincognito,Abdel Rahman Hany Muhamed,MODIFIED,taylor_swift
I'mfeistyincognito,Nvrandow,MODIFIED,taylor_swift
I'mfeistyincognito,Do not follow,MODIFIED,taylor_swift
OsamaK,83.202.137.163,MODIFIED,taylor_swift
OsamaK,SilentSpikeBot,MODIFIED,taylor_swift
KrBot,Kam Solusar,MODIFIED,taylor_swift
Paulohmessias,OsamaK,MODIFIED,taylor_swift
Paulohmessias,OsamaK,MODIFIED,taylor_swift
Paulohmessias,PLbot,MODIFIED,taylor_swift
Paulohmessias,Abdel Rahman Hany Muhamed,MODIFIED,taylor_swift
TheSandDoctor,Paulohmessias,MODIFIED,taylor_swift
Hanif Al Husaini,Abdel Rahman Hany Muhamed,MODIFIED,taylor_swift
Hanif Al Husaini,Zenfiric,MODIFIED,taylor_swift
User123o987name,Trade,MODIFIED,taylor_swift
A1AA1A,AR.GNV,MODIFIED,taylor_swift
Lasius,Abdel Rahman Hany Muhamed,MODIFIED,taylor_swift
Lasius,Abdel Rahman Hany Muhamed,MODIFIED,taylor_swift
Lasius,Abdel Rahman Hany Muhamed,MODIFIED,taylor_swift
Rommeliosva,I'mfeistyincognito,MODIFIED,taylor_swift
I'mfeistyincognito,Rommeliosva,MODIFIED,taylor_swift
Larske,Lasius,MODIFIED,taylor_swift
Reinheitsgebot,Jared Preston,MODIFIED,taylor_swift
BartocX,A1AA1A,MODIFIED,taylor_swift
Blackcat,Larske,MODIFIED,taylor_swift
Ontogon,Paulohmessias,MODIFIED,taylor_swift
Ontogon,Paulohmessias,MODIFIED,taylor_swift
Ontogon,Reinheitsgebot,MODIFIED,taylor_swift
Ontogon,Moebeus,MODIFIED,taylor_swift
Ontogon,Stryn,MODIFIED,taylor_swift
Ontogon,Kam Solusar,MODIFIED,taylor_swift
Ontogon,Kam Solusar,MODIFIED,taylor_swift
Ontogon,Trade,MODIFIED,taylor_swift
Ontogon,Quenhitran,MODIFIED,taylor_swift
Ontogon,Hanif Al Husaini,MODIFIED,taylor_swift
Ontogon,TheSandDoctor,MODIFIED,taylor_swift
Ontogon,Ohmyerica,MODIFIED,taylor_swift
Gereon K.,Ontogon,MODIFIED,taylor_swift
Jmimo98,Paulohmessias,MODIFIED,taylor_swift
Moebeus,Jane023,MODIFIED,taylor_swift
Moebeus,Blackcat,MODIFIED,taylor_swift
Obsuser,BartocX,MODIFIED,taylor_swift
Obsuser,Moebeus,MODIFIED,taylor_swift
Obsuser,KrBot,MODIFIED,taylor_swift
Obsuser,Ontogon,MODIFIED,taylor_swift
Obsuser,Jc86035,MODIFIED,taylor_swift
Obsuser,Gyrostat,MODIFIED,taylor_swift
Overcast07,Pamputt,MODIFIED,taylor_swift
Matlin,Ontogon,MODIFIED,taylor_swift
Remitamine,Ontogon,MODIFIED,taylor_swift
Achim Raschka,Hanif Al Husaini,MODIFIED,taylor_swift
Vojtěch Dostál,Reinheitsgebot,MODIFIED,taylor_swift
Vojtěch Dostál,Obsuser,MODIFIED,taylor_swift
Hello513,Minerva97,MODIFIED,taylor_swift
Jura1,Obsuser,MODIFIED,taylor_swift
Nvrandow,I'mfeistyincognito,MODIFIED,taylor_swift
Nvrandow,Hello513,MODIFIED,taylor_swift
Yerpo,Obsuser,MODIFIED,taylor_swift
Njzjz,Alneth,MODIFIED,taylor_swift
Josh404Bot,Trade,MODIFIED,taylor_swift
Ben Skála,KrBot,MODIFIED,taylor_swift
Ben Skála,Trade,MODIFIED,taylor_swift
Taytaycat,Ben Skála,MODIFIED,taylor_swift
Taytaycat,Yerpo,MODIFIED,taylor_swift
Taytaycat,Saeedswift,MODIFIED,taylor_swift
Taytaycat,Moebeus,MODIFIED,taylor_swift
Taytaycat,Nvrandow,MODIFIED,taylor_swift
Kirilloparma,Taytaycat,MODIFIED,taylor_swift
Kirilloparma,Taytaycat,MODIFIED,taylor_swift
Kirilloparma,Taytaycat,MODIFIED,taylor_swift
Kirilloparma,Taytaycat,MODIFIED,taylor_swift
Kirilloparma,Taytaycat,MODIFIED,taylor_swift
Arbnos,Simona vy,MODIFIED,taylor_swift
Arbnos,Vojtěch Dostál,MODIFIED,taylor_swift
SINGmeAsadSONG,Kirilloparma,MODIFIED,taylor_swift
SINGmeAsadSONG,Arivgao,MODIFIED,taylor_swift
Lesko987a,Jmh2o,MODIFIED,taylor_swift
Botcrux,GryffindorD,MODIFIED,taylor_swift
Hamedkazemi2,Jura1,MODIFIED,taylor_swift
KrBot,Ontogon,MODIFIED,taylor_swift
KrBot,Ontogon,MODIFIED,taylor_swift
KrBot,Ontogon,MODIFIED,taylor_swift
BorkedBot,Hamedkazemi2,MODIFIED,taylor_swift
Soweego bot,Vladimir Alexiev,MODIFIED,taylor_swift
Soweego bot,SamoaBot,MODIFIED,taylor_swift
Soweego bot,Lockal,MODIFIED,taylor_swift
Soweego bot,Lockal,MODIFIED,taylor_swift
Soweego bot,Ontogon,MODIFIED,taylor_swift
Soweego bot,Ontogon,MODIFIED,taylor_swift
Soweego bot,Ontogon,MODIFIED,taylor_swift
Soweego bot,Ontogon,MODIFIED,taylor_swift
Soweego bot,Ontogon,MODIFIED,taylor_swift
Soweego bot,Pigsonthewing-bot,MODIFIED,taylor_swift
Soweego bot,Okras,MODIFIED,taylor_swift
Soweego bot,PintochBot,MODIFIED,taylor_swift
Väsk,Arbnos,MODIFIED,taylor_swift
BappleBusiness,SINGmeAsadSONG,MODIFIED,taylor_swift
Reinheitsgebot,Maxlath,MODIFIED,taylor_swift
Joey Camelaroche,I'mfeistyincognito,MODIFIED,taylor_swift
Jura1,BorkedBot,MODIFIED,taylor_swift
Meno25,BappleBusiness,MODIFIED,taylor_swift
Սահակ,Bcxfu75k,MODIFIED,taylor_swift
William Avery Bot,Botcrux,MODIFIED,taylor_swift
Ontogon,GryffindorD,MODIFIED,taylor_swift
Salpynx,Ontogon,MODIFIED,taylor_swift
Vojtěch Dostál,Abdu Hany,MODIFIED,taylor_swift
Edward,Jared Preston,MODIFIED,taylor_swift
Ontogon,26 Ramadan,MODIFIED,taylor_swift
Tagishsimon,Arbnos,MODIFIED,taylor_swift
Slasher-fun,Flávio Nuno Neves Rodrigues,MODIFIED,taylor_swift
Kethyga,Njzjz,MODIFIED,taylor_swift
FrankDay25,Jmimo98,MODIFIED,taylor_swift
Adrianmartinezuwu,Meno25,MODIFIED,taylor_swift
A1AA1A,Adrianmartinezuwu,MODIFIED,taylor_swift
Kethyga,YFdyh000,MODIFIED,taylor_swift
Kethyga,Kam Solusar,MODIFIED,taylor_swift
VojtěchDostálBot,Moebeus,MODIFIED,taylor_swift
BorkedBot,Escudero,MODIFIED,taylor_swift
Brunnaiz,Nvrandow,MODIFIED,taylor_swift
Brunnaiz,VojtěchDostálBot,MODIFIED,taylor_swift
INS Pirat,Väsk,MODIFIED,taylor_swift
MidleadingBot,Kethyga,MODIFIED,taylor_swift
BorkedBot,Jura1,MODIFIED,taylor_swift
Lockal,Meisam,MODIFIED,taylor_swift
Brunnaiz,INS Pirat,MODIFIED,taylor_swift
Bcxfu75k,Սահակ,MODIFIED,taylor_swift
Solidest,BorkedBot,MODIFIED,taylor_swift
BorkedBot,Solidest,MODIFIED,taylor_swift
ItsMario97,Abdu Hany,MODIFIED,taylor_swift
ItsMario97,Obsuser,MODIFIED,taylor_swift
Ontogon,Sotho Tal Ker,MODIFIED,taylor_swift
Gikü,A1AA1A,MODIFIED,taylor_swift
AGbot,AdamSeattle,MODIFIED,taylor_swift
Lolza81,Engelbert,MODIFIED,taylor_swift
Ontogon,Spinster,MODIFIED,taylor_swift
Ontogon,Matlin,MODIFIED,taylor_swift
Botcrux,Ontogon,MODIFIED,taylor_swift
Bargioni,Lolza81,MODIFIED,taylor_swift
MusicologoVzla,Tagishsimon,MODIFIED,taylor_swift
Frettiebot,MusicologoVzla,MODIFIED,taylor_swift
Sldst-bot,Quenhitran,MODIFIED,taylor_swift
Solidest,Sldst-bot,MODIFIED,taylor_swift
Szonlover,Gikü,MODIFIED,taylor_swift
Meno25,Szonlover,MODIFIED,taylor_swift
Horcrux,DavidMar86hdf,MODIFIED,taylor_swift
MsynBot,I'mfeistyincognito,MODIFIED,taylor_swift
MsynBot,Bcxfu75k,MODIFIED,taylor_swift
Ontogon,KrBot,MODIFIED,taylor_swift
Wolverène,Brunnaiz,MODIFIED,taylor_swift
KrBot,PintochBot,MODIFIED,taylor_swift
Twofivesixbot,Vojtěch Dostál,MODIFIED,taylor_swift
Cardabela4831,Lovelano,MODIFIED,taylor_swift
Haseeb55,Ontogon,MODIFIED,taylor_swift
AwkwardChester,Brunnaiz,MODIFIED,taylor_swift
Alex Cohn,Edward,MODIFIED,taylor_swift
Sporti,Vojtěch Dostál,MODIFIED,taylor_swift
Wikibility,Frettiebot,MODIFIED,taylor_swift
Rubystaramaryllis,AwkwardChester,MODIFIED,taylor_swift
Rubystaramaryllis,Kirilloparma,MODIFIED,taylor_swift
Moebeus,Frettiebot,MODIFIED,taylor_swift
Franzekafka,Meno25,MODIFIED,taylor_swift
EnaldoSS,Miikul,MODIFIED,taylor_swift
Epìdosis,Lolza81,MODIFIED,taylor_swift
Reannie2394,Sporti,MODIFIED,taylor_swift
Soylacarli,Reannie2394,MODIFIED,taylor_swift
Yupik,Ontogon,MODIFIED,taylor_swift
Jakeob9000,Moebeus,MODIFIED,taylor_swift
RealityBites,Soweego bot,MODIFIED,taylor_swift
Kcx36,Kethyga,MODIFIED,taylor_swift
EpidòseosBot,Ben Skála,MODIFIED,taylor_swift
Strugglehouse,MsynBot,MODIFIED,taylor_swift
Quick-ease2020,Franzekafka,MODIFIED,taylor_swift
UndefinedRachel,Shei98,MODIFIED,taylor_swift
DifoolBot,Rubystaramaryllis,MODIFIED,taylor_swift
DifoolBot,Lasius,MODIFIED,taylor_swift
DifoolBot,EpidòseosBot,MODIFIED,taylor_swift
DifoolBot,User123o987name,MODIFIED,taylor_swift
DifoolBot,Wolverène,MODIFIED,taylor_swift
ShifaYT,Keepwishes,MODIFIED,taylor_swift
Kethyga,Soweego bot,MODIFIED,taylor_swift
KrBot,Lolza81,MODIFIED,taylor_swift
Frostly,DifoolBot,MODIFIED,taylor_swift
Aleneitor,Helgi-S,MODIFIED,taylor_swift
GilPe,Quick-ease2020,MODIFIED,taylor_swift
AgorahillsCW,ItsMario97,MODIFIED,taylor_swift
AgorahillsCW,Lasius,MODIFIED,taylor_swift
DeltaBot,AgorahillsCW,MODIFIED,taylor_swift
Алиса Селезньова,GilPe,MODIFIED,taylor_swift
26 Ramadan,Алиса Селезньова,MODIFIED,taylor_swift
Iamcarbon,KrBot,MODIFIED,taylor_swift
Iamcarbon,Soweego bot,MODIFIED,taylor_swift
Ceaseless Watcher,Jakeob9000,MODIFIED,taylor_swift
Ceaseless Watcher,DeltaBot,MODIFIED,taylor_swift
Ceaseless Watcher,DifoolBot,MODIFIED,taylor_swift
Vanbasten 23,Ontogon,MODIFIED,taylor_swift
12u,Ontogon,MODIFIED,taylor_swift
12u,PLbot,MODIFIED,taylor_swift
12u,Obsuser,MODIFIED,taylor_swift
12u,Obsuser,MODIFIED,taylor_swift
Trade,Ontogon,MODIFIED,taylor_swift
Nvrandow,ShifaYT,MODIFIED,taylor_swift
Vycl1994,Vycl1994,ADDED,noah_kahan
Vycl1994,Vycl1994,ADDED,noah_kahan
Vycl1994,Vycl1994,ADDED,noah_kahan
Vycl1994,Vycl1994,ADDED,noah_kahan
Vycl1994,Vycl1994,ADDED,noah_kahan
Vycl1994,Vycl1994,ADDED,noah_kahan
Vycl1994,Vycl1994,ADDED,noah_kahan
Vycl1994,Vycl1994,ADDED,noah_kahan
Vycl1994,Vycl1994,ADDED,noah_kahan
KrBot,KrBot,ADDED,noah_kahan
Thierry Caro,Thierry Caro,ADDED,noah_kahan
Ghuron,Ghuron,ADDED,noah_kahan
Ghuron,Ghuron,ADDED,noah_kahan
SlingWikiBot,SlingWikiBot,ADDED,noah_kahan
Tinker Bell,Tinker Bell,ADDED,noah_kahan
Simon Villeneuve,Simon Villeneuve,ADDED,noah_kahan
Simon Villeneuve,Simon Villeneuve,ADDED,noah_kahan
Premeditated,Premeditated,ADDED,noah_kahan
86.247.140.253,86.247.140.253,ADDED,noah_kahan
Laddo,Laddo,ADDED,noah_kahan
Bargioni,Bargioni,ADDED,noah_kahan
Vladimir Alexiev,Vladimir Alexiev,ADDED,noah_kahan
Lockal,Lockal,ADDED,noah_kahan
Tom Morris,Tom Morris,ADDED,noah_kahan
BorkedBot,BorkedBot,ADDED,noah_kahan
Quesotiotyo,Quesotiotyo,ADDED,noah_kahan
Quesotiotyo,Quesotiotyo,ADDED,noah_kahan
Reinheitsgebot,Reinheitsgebot,ADDED,noah_kahan
Reinheitsgebot,Reinheitsgebot,ADDED,noah_kahan
78.39.249.113,78.39.249.113,ADDED,noah_kahan
78.39.249.113,78.39.249.113,ADDED,noah_kahan
78.39.249.113,78.39.249.113,ADDED,noah_kahan
78.39.249.113,78.39.249.113,ADDED,noah_kahan
Soweego bot,Soweego bot,ADDED,noah_kahan
Soweego bot,Soweego bot,ADDED,noah_kahan
BrokenSegue,BrokenSegue,ADDED,noah_kahan
Euro know,Euro know,ADDED,noah_kahan
Euro know,Euro know,ADDED,noah_kahan
Euro know,Euro know,ADDED,noah_kahan
Euro know,Euro know,ADDED,noah_kahan
Euro know,Euro know,ADDED,noah_kahan
Euro know,Euro know,ADDED,noah_kahan
Euro know,Euro know,ADDED,noah_kahan
Matlin,Matlin,ADDED,noah_kahan
Josh404Bot,Josh404Bot,ADDED,noah_kahan
MsynBot,MsynBot,ADDED,noah_kahan
Bob08,Bob08,ADDED,noah_kahan
INS Pirat,INS Pirat,ADDED,noah_kahan
BotMultichillT,BotMultichillT,ADDED,noah_kahan
M2k~dewiki,M2k~dewiki,ADDED,noah_kahan
Luckyz,Luckyz,ADDED,noah_kahan
SillyWolverène,SillyWolverène,ADDED,noah_kahan
DontCallMeLateForDinner,DontCallMeLateForDinner,ADDED,noah_kahan
Mod,Bob08,DELETED,noah_kahan
MileyCytrus,Euro know,DELETED,noah_kahan
MileyCytrus,Euro know,DELETED,noah_kahan
ISNIplus,Vladimir Alexiev,DELETED,noah_kahan
Epìdosis,Reinheitsgebot,DELETED,noah_kahan
DontCallMeLateForDinner,24.224.234.105,DELETED,noah_kahan
SlingWikiBot,Ghuron,MODIFIED,noah_kahan
OsamaK,Vycl1994,MODIFIED,noah_kahan
OsamaK,86.247.140.253,MODIFIED,noah_kahan
BorkedBot,OsamaK,MODIFIED,noah_kahan
Remitamine,Vycl1994,MODIFIED,noah_kahan
Soweego bot,Vycl1994,MODIFIED,noah_kahan
Soweego bot,Bargioni,MODIFIED,noah_kahan
Euro know,Thierry Caro,MODIFIED,noah_kahan
Euro know,SlingWikiBot,MODIFIED,noah_kahan
Euro know,Premeditated,MODIFIED,noah_kahan
Euro know,Tinker Bell,MODIFIED,noah_kahan
Kukurydziarz,OsamaK,MODIFIED,noah_kahan
Multichill,Kukurydziarz,MODIFIED,noah_kahan
MileyCytrus,Euro know,MODIFIED,noah_kahan
MileyCytrus,Euro know,MODIFIED,noah_kahan
MileyCytrus,Simon Villeneuve,MODIFIED,noah_kahan
VojtěchDostálBot,78.39.249.113,MODIFIED,noah_kahan
Emijrpbot,Simon Villeneuve,MODIFIED,noah_kahan
Emijrpbot,Euro know,MODIFIED,noah_kahan
Emijrpbot,Laddo,MODIFIED,noah_kahan
Hameltion,SillyWolverène,MODIFIED,noah_kahan
24.224.234.105,SlingWikiBot,MODIFIED,noah_kahan
