Source,Target,Type,Label,Predicate,start,end
NoclaimsBot,Zhenqinli,Directed,edit_flow,P31,2020/01/05,2020/09/10
Zhenqinli,185.197.245.128,Directed,edit_flow,P31,2020/01/05,2020/09/10
185.197.245.128,Daniel Mietchen,Directed,edit_flow,P31,2020/01/05,2020/09/10
Daniel Mietchen,Zhenqinli,Directed,edit_flow,P31,2020/01/05,2020/09/10
Zhenqinli,Dhx1,Directed,edit_flow,P31,2020/01/05,2020/09/10
Dhx1,112.119.86.240,Directed,edit_flow,P31,2020/01/05,2020/09/10
112.119.86.240,Eulenspiegel1,Directed,edit_flow,P31,2020/01/05,2020/09/10
Eulenspiegel1,Zhenqinli,Directed,edit_flow,P31,2020/01/05,2020/09/10
Zhenqinli,BohemianRhapsody,Directed,edit_flow,P31,2020/01/05,2020/09/10
BohemianRhapsody,168.234.201.162,Directed,edit_flow,P31,2020/01/05,2020/09/10
168.234.201.162,Tarnumg,Directed,edit_flow,P31,2020/01/05,2020/09/10
Tarnumg,WTM,Directed,edit_flow,P31,2020/01/05,2020/09/10
WTM,Bjs,Directed,edit_flow,P31,2020/01/05,2020/09/10
Bjs,Jodi.a.schneider,Directed,edit_flow,P31,2020/01/05,2020/09/10
Jodi.a.schneider,TiagoLubiana,Directed,edit_flow,P31,2020/01/05,2020/09/10
TiagoLubiana,Neo-Jay,Directed,edit_flow,P31,2020/01/05,2020/09/10
Neo-Jay,117.211.214.201,Directed,edit_flow,P31,2020/01/05,2020/09/10
117.211.214.201,Haansn08,Directed,edit_flow,P31,2020/01/05,2020/09/10
Haansn08,2003:C6:7F17:CF00:C97D:94DA:5C8C:7E7B,Directed,edit_flow,P31,2020/01/05,2020/09/10
2003:C6:7F17:CF00:C97D:94DA:5C8C:7E7B,Epìdosis,Directed,edit_flow,P31,2020/01/05,2020/09/10
Epìdosis,Zhenqinli,Directed,edit_flow,P31,2020/01/05,2020/09/10
Zhenqinli,58.182.83.199,Directed,edit_flow,P31,2020/01/05,2020/09/10
58.182.83.199,Epìdosis,Directed,edit_flow,P31,2020/01/05,2020/09/10
Epìdosis,Sun8908,Directed,edit_flow,P31,2020/01/05,2020/09/10
Sun8908,103.136.251.3,Directed,edit_flow,P31,2020/01/05,2020/09/10
103.136.251.3,Julián L. Páez,Directed,edit_flow,P31,2020/01/05,2020/09/10
Julián L. Páez,90.244.204.15,Directed,edit_flow,P31,2020/09/10,2021/05/17
90.244.204.15,Julián L. Páez,Directed,edit_flow,P31,2020/09/10,2021/05/17
Julián L. Páez,187.189.148.55,Directed,edit_flow,P31,2020/09/10,2021/05/17
187.189.148.55,Bouzinac,Directed,edit_flow,P31,2020/09/10,2021/05/17
Bouzinac,213.60.84.17,Directed,edit_flow,P31,2020/09/10,2021/05/17
213.60.84.17,Julián L. Páez,Directed,edit_flow,P31,2020/09/10,2021/05/17
Julián L. Páez,78.94.13.251,Directed,edit_flow,P31,2020/09/10,2021/05/17
78.94.13.251,Sun8908,Directed,edit_flow,P31,2020/09/10,2021/05/17
Sun8908,Marchitelli,Directed,edit_flow,P31,2020/09/10,2021/05/17
Marchitelli,Lymantria,Directed,edit_flow,P31,2020/09/10,2021/05/17
Lymantria,86.164.235.33,Directed,edit_flow,P31,2020/09/10,2021/05/17
86.164.235.33,Epìdosis,Directed,edit_flow,P31,2020/09/10,2021/05/17
Epìdosis,Mith,Directed,edit_flow,P31,2021/05/17,2022/01/21
Mith,ChristianKl,Directed,edit_flow,P31,2022/09/27,2023/06/03
ChristianKl,Zhenqinli,Directed,edit_flow,P31,2022/09/27,2023/06/03
Zhenqinli,Swpb,Directed,edit_flow,P31,2024/10/13,2025/06/19
Neo-Jay,Osteologia,Directed,edit_flow,P580,2020/01/05,2020/09/10
Osteologia,U0008355,Directed,edit_flow,P580,2020/01/05,2020/09/10
U0008355,Dhx1,Directed,edit_flow,P580,2020/01/05,2020/09/10
Dhx1,99.87.202.180,Directed,edit_flow,P580,2020/01/05,2020/09/10
99.87.202.180,Tarnumg,Directed,edit_flow,P580,2020/01/05,2020/09/10
Tarnumg,Dhx1,Directed,edit_flow,P580,2020/01/05,2020/09/10
Dhx1,Sun8908,Directed,edit_flow,P580,2020/09/10,2021/05/17
Sun8908,Huntster,Directed,edit_flow,P580,2024/10/13,2025/06/19
Neo-Jay,Dhx1,Directed,edit_flow,P17,2020/01/05,2020/09/10
Dhx1,200.211.11.2,Directed,edit_flow,P17,2020/01/05,2020/09/10
200.211.11.2,Dhx1,Directed,edit_flow,P17,2020/01/05,2020/09/10
Dhx1,Adert,Directed,edit_flow,P17,2020/01/05,2020/09/10
Adert,Dhx1,Directed,edit_flow,P17,2020/01/05,2020/09/10
Dhx1,Adert,Directed,edit_flow,P17,2020/01/05,2020/09/10
Adert,Dhx1,Directed,edit_flow,P17,2020/01/05,2020/09/10
Dhx1,Adert,Directed,edit_flow,P17,2020/01/05,2020/09/10
Adert,Cbliu,Directed,edit_flow,P17,2020/01/05,2020/09/10
Cbliu,Salgo60,Directed,edit_flow,P17,2020/01/05,2020/09/10
Salgo60,Davidpar,Directed,edit_flow,P17,2020/01/05,2020/09/10
Davidpar,Adert,Directed,edit_flow,P17,2020/01/05,2020/09/10
Adert,Davidpar,Directed,edit_flow,P17,2020/01/05,2020/09/10
Davidpar,Adert,Directed,edit_flow,P17,2020/01/05,2020/09/10
Adert,Zzme123,Directed,edit_flow,P17,2020/01/05,2020/09/10
Zzme123,Adert,Directed,edit_flow,P17,2020/01/05,2020/09/10
Adert,Neo-Jay,Directed,edit_flow,P17,2020/01/05,2020/09/10
Neo-Jay,JohnShaoWJ,Directed,edit_flow,P17,2020/01/05,2020/09/10
JohnShaoWJ,37.163.62.179,Directed,edit_flow,P17,2020/01/05,2020/09/10
37.163.62.179,Adert,Directed,edit_flow,P17,2020/01/05,2020/09/10
Adert,Neo-Jay,Directed,edit_flow,P17,2020/01/05,2020/09/10
Neo-Jay,Adert,Directed,edit_flow,P17,2020/01/05,2020/09/10
Adert,Neo-Jay,Directed,edit_flow,P17,2020/01/05,2020/09/10
Neo-Jay,Robins7,Directed,edit_flow,P17,2020/01/05,2020/09/10
Robins7,Neo-Jay,Directed,edit_flow,P17,2020/01/05,2020/09/10
Neo-Jay,Robins7,Directed,edit_flow,P17,2020/01/05,2020/09/10
Robins7,168.234.201.162,Directed,edit_flow,P17,2020/01/05,2020/09/10
168.234.201.162,Neo-Jay,Directed,edit_flow,P17,2020/01/05,2020/09/10
Neo-Jay,Fnielsen,Directed,edit_flow,P17,2020/01/05,2020/09/10
Fnielsen,Neo-Jay,Directed,edit_flow,P17,2020/01/05,2020/09/10
Neo-Jay,Sebleouf,Directed,edit_flow,P17,2020/01/05,2020/09/10
Sebleouf,Neo-Jay,Directed,edit_flow,P17,2020/01/05,2020/09/10
Neo-Jay,1857a,Directed,edit_flow,P17,2020/01/05,2020/09/10
1857a,ערן,Directed,edit_flow,P17,2020/01/05,2020/09/10
ערן,Neo-Jay,Directed,edit_flow,P17,2020/01/05,2020/09/10
Neo-Jay,Roberpl,Directed,edit_flow,P17,2020/01/05,2020/09/10
Roberpl,Neo-Jay,Directed,edit_flow,P17,2020/01/05,2020/09/10
Neo-Jay,M2k~dewiki,Directed,edit_flow,P17,2020/01/05,2020/09/10
M2k~dewiki,Dhx1,Directed,edit_flow,P17,2020/01/05,2020/09/10
Dhx1,JXB-IM,Directed,edit_flow,P17,2020/01/05,2020/09/10
JXB-IM,Epìdosis,Directed,edit_flow,P17,2020/01/05,2020/09/10
Epìdosis,Sun8908,Directed,edit_flow,P17,2020/01/05,2020/09/10
Sun8908,2001:4C4C:1EF5:AB00:F8C1:67A:80C9:5D5C,Directed,edit_flow,P17,2020/09/10,2021/05/17
2001:4C4C:1EF5:AB00:F8C1:67A:80C9:5D5C,Epìdosis,Directed,edit_flow,P17,2020/09/10,2021/05/17
Epìdosis,Jarould,Directed,edit_flow,P17,2022/01/21,2022/09/27
Neo-Jay,Zhenqinli,Directed,edit_flow,P1120,2020/01/05,2020/09/10
Zhenqinli,Jake Park,Directed,edit_flow,P1120,2020/01/05,2020/09/10
Jake Park,Efly,Directed,edit_flow,P1120,2020/01/05,2020/09/10
Efly,علاء,Directed,edit_flow,P1120,2020/01/05,2020/09/10
علاء,2A02:2F09:9219:4100:A873:CD20:2A06:C504,Directed,edit_flow,P1120,2020/01/05,2020/09/10
2A02:2F09:9219:4100:A873:CD20:2A06:C504,187.160.250.242,Directed,edit_flow,P1120,2020/01/05,2020/09/10
187.160.250.242,Golopența20,Directed,edit_flow,P1120,2020/01/05,2020/09/10
Golopența20,Ajimenez07,Directed,edit_flow,P1120,2020/01/05,2020/09/10
Ajimenez07,2A02:2F09:9219:4100:81F6:ECF9:20B7:94DB,Directed,edit_flow,P1120,2020/01/05,2020/09/10
2A02:2F09:9219:4100:81F6:ECF9:20B7:94DB,Zhenqinli,Directed,edit_flow,P1120,2020/01/05,2020/09/10
Zhenqinli,Jaumellecha,Directed,edit_flow,P1120,2020/01/05,2020/09/10
Jaumellecha,Zhenqinli,Directed,edit_flow,P1120,2020/01/05,2020/09/10
Zhenqinli,5.14.98.162,Directed,edit_flow,P1120,2020/01/05,2020/09/10
5.14.98.162,Wostr,Directed,edit_flow,P1120,2020/01/05,2020/09/10
Wostr,Jeblad,Directed,edit_flow,P1120,2020/01/05,2020/09/10
Jeblad,Zhenqinli,Directed,edit_flow,P1120,2020/01/05,2020/09/10
Zhenqinli,212.171.197.101,Directed,edit_flow,P1120,2020/01/05,2020/09/10
212.171.197.101,Zhenqinli,Directed,edit_flow,P1120,2020/01/05,2020/09/10
Zhenqinli,Jeblad,Directed,edit_flow,P1120,2020/01/05,2020/09/10
Jeblad,187.160.250.242,Directed,edit_flow,P1120,2020/01/05,2020/09/10
187.160.250.242,Zhenqinli,Directed,edit_flow,P1120,2020/01/05,2020/09/10
Zhenqinli,193.151.31.248,Directed,edit_flow,P1120,2020/01/05,2020/09/10
193.151.31.248,Succu,Directed,edit_flow,P1120,2020/01/05,2020/09/10
Succu,Zhenqinli,Directed,edit_flow,P1120,2020/01/05,2020/09/10
Zhenqinli,Jeblad,Directed,edit_flow,P1120,2020/01/05,2020/09/10
Jeblad,Zhenqinli,Directed,edit_flow,P1120,2020/01/05,2020/09/10
Zhenqinli,185.197.245.128,Directed,edit_flow,P1120,2020/01/05,2020/09/10
185.197.245.128,Nvrandow,Directed,edit_flow,P1120,2020/01/05,2020/09/10
Nvrandow,Venca24,Directed,edit_flow,P1120,2020/01/05,2020/09/10
Venca24,Jeblad,Directed,edit_flow,P1120,2020/01/05,2020/09/10
Jeblad,Dhx1,Directed,edit_flow,P1120,2020/01/05,2020/09/10
Dhx1,Zhenqinli,Directed,edit_flow,P1120,2020/01/05,2020/09/10
Zhenqinli,KlaudiuMihaila,Directed,edit_flow,P1120,2020/01/05,2020/09/10
KlaudiuMihaila,Dhx1,Directed,edit_flow,P1120,2020/01/05,2020/09/10
Dhx1,Zhenqinli,Directed,edit_flow,P1120,2020/01/05,2020/09/10
Zhenqinli,80.22.92.116,Directed,edit_flow,P1120,2020/01/05,2020/09/10
80.22.92.116,Dhx1,Directed,edit_flow,P1120,2020/01/05,2020/09/10
Dhx1,Zhenqinli,Directed,edit_flow,P1120,2020/01/05,2020/09/10
Zhenqinli,194.116.26.4,Directed,edit_flow,P1120,2020/01/05,2020/09/10
194.116.26.4,Cbliu,Directed,edit_flow,P1120,2020/01/05,2020/09/10
Cbliu,Zhenqinli,Directed,edit_flow,P1120,2020/01/05,2020/09/10
Zhenqinli,151.52.148.181,Directed,edit_flow,P1120,2020/01/05,2020/09/10
151.52.148.181,علاء,Directed,edit_flow,P1120,2020/01/05,2020/09/10
علاء,Zhenqinli,Directed,edit_flow,P1120,2020/01/05,2020/09/10
Zhenqinli,ZZARZY223,Directed,edit_flow,P1120,2020/01/05,2020/09/10
ZZARZY223,Dhx1,Directed,edit_flow,P1120,2020/01/05,2020/09/10
Dhx1,Zhenqinli,Directed,edit_flow,P1120,2020/01/05,2020/09/10
Zhenqinli,ZZARZY223,Directed,edit_flow,P1120,2020/01/05,2020/09/10
ZZARZY223,Zhenqinli,Directed,edit_flow,P1120,2020/01/05,2020/09/10
Zhenqinli,Dhx1,Directed,edit_flow,P1120,2020/01/05,2020/09/10
Dhx1,ZZARZY223,Directed,edit_flow,P1120,2020/01/05,2020/09/10
ZZARZY223,Zhenqinli,Directed,edit_flow,P1120,2020/01/05,2020/09/10
Zhenqinli,Dhx1,Directed,edit_flow,P1120,2020/01/05,2020/09/10
Dhx1,Zhenqinli,Directed,edit_flow,P1120,2020/01/05,2020/09/10
Zhenqinli,HelpingYouToKnowMore,Directed,edit_flow,P1120,2020/01/05,2020/09/10
HelpingYouToKnowMore,Zhenqinli,Directed,edit_flow,P1120,2020/01/05,2020/09/10
Zhenqinli,ZZARZY223,Directed,edit_flow,P1120,2020/01/05,2020/09/10
ZZARZY223,Zhenqinli,Directed,edit_flow,P1120,2020/01/05,2020/09/10
Zhenqinli,Dhx1,Directed,edit_flow,P1120,2020/01/05,2020/09/10
Dhx1,Zhenqinli,Directed,edit_flow,P1120,2020/01/05,2020/09/10
Zhenqinli,87.0.167.130,Directed,edit_flow,P1120,2020/01/05,2020/09/10
87.0.167.130,Zhenqinli,Directed,edit_flow,P1120,2020/01/05,2020/09/10
Zhenqinli,Eulenspiegel1,Directed,edit_flow,P1120,2020/01/05,2020/09/10
Eulenspiegel1,Zhenqinli,Directed,edit_flow,P1120,2020/01/05,2020/09/10
Zhenqinli,Mohanad,Directed,edit_flow,P1120,2020/01/05,2020/09/10
Mohanad,Zhenqinli,Directed,edit_flow,P1120,2020/01/05,2020/09/10
Zhenqinli,Dhx1,Directed,edit_flow,P1120,2020/01/05,2020/09/10
Dhx1,Zhenqinli,Directed,edit_flow,P1120,2020/01/05,2020/09/10
Zhenqinli,Dhx1,Directed,edit_flow,P1120,2020/01/05,2020/09/10
Dhx1,Zhenqinli,Directed,edit_flow,P1120,2020/01/05,2020/09/10
Zhenqinli,Dhx1,Directed,edit_flow,P1120,2020/01/05,2020/09/10
Dhx1,80.58.165.11,Directed,edit_flow,P1120,2020/01/05,2020/09/10
80.58.165.11,Zhenqinli,Directed,edit_flow,P1120,2020/01/05,2020/09/10
Zhenqinli,Dhx1,Directed,edit_flow,P1120,2020/01/05,2020/09/10
Dhx1,Zhenqinli,Directed,edit_flow,P1120,2020/01/05,2020/09/10
Zhenqinli,Dhx1,Directed,edit_flow,P1120,2020/01/05,2020/09/10
Dhx1,Zhenqinli,Directed,edit_flow,P1120,2020/01/05,2020/09/10
Zhenqinli,Dhx1,Directed,edit_flow,P1120,2020/01/05,2020/09/10
Dhx1,Zhenqinli,Directed,edit_flow,P1120,2020/01/05,2020/09/10
Zhenqinli,Dhx1,Directed,edit_flow,P1120,2020/01/05,2020/09/10
Dhx1,Zhenqinli,Directed,edit_flow,P1120,2020/01/05,2020/09/10
Zhenqinli,95.237.33.83,Directed,edit_flow,P1120,2020/01/05,2020/09/10
95.237.33.83,Dhx1,Directed,edit_flow,P1120,2020/01/05,2020/09/10
Dhx1,Zhenqinli,Directed,edit_flow,P1120,2020/01/05,2020/09/10
Zhenqinli,Dhx1,Directed,edit_flow,P1120,2020/01/05,2020/09/10
Dhx1,Zhenqinli,Directed,edit_flow,P1120,2020/01/05,2020/09/10
Zhenqinli,116.48.25.163,Directed,edit_flow,P1120,2020/01/05,2020/09/10
116.48.25.163,Dhx1,Directed,edit_flow,P1120,2020/01/05,2020/09/10
Dhx1,Zhenqinli,Directed,edit_flow,P1120,2020/01/05,2020/09/10
Zhenqinli,Dhx1,Directed,edit_flow,P1120,2020/01/05,2020/09/10
Dhx1,Zhenqinli,Directed,edit_flow,P1120,2020/01/05,2020/09/10
Zhenqinli,Dhx1,Directed,edit_flow,P1120,2020/01/05,2020/09/10
Dhx1,Zhenqinli,Directed,edit_flow,P1120,2020/01/05,2020/09/10
Zhenqinli,Dhx1,Directed,edit_flow,P1120,2020/01/05,2020/09/10
Dhx1,Zhenqinli,Directed,edit_flow,P1120,2020/01/05,2020/09/10
Zhenqinli,Mohanad,Directed,edit_flow,P1120,2020/01/05,2020/09/10
Mohanad,Dhx1,Directed,edit_flow,P1120,2020/01/05,2020/09/10
Dhx1,Zhenqinli,Directed,edit_flow,P1120,2020/01/05,2020/09/10
Zhenqinli,Dhx1,Directed,edit_flow,P1120,2020/01/05,2020/09/10
Dhx1,Zhenqinli,Directed,edit_flow,P1120,2020/01/05,2020/09/10
Zhenqinli,Dhx1,Directed,edit_flow,P1120,2020/01/05,2020/09/10
Dhx1,Zhenqinli,Directed,edit_flow,P1120,2020/01/05,2020/09/10
Zhenqinli,Lofhi,Directed,edit_flow,P1120,2020/01/05,2020/09/10
Lofhi,Zhenqinli,Directed,edit_flow,P1120,2020/01/05,2020/09/10
Zhenqinli,Dhx1,Directed,edit_flow,P1120,2020/01/05,2020/09/10
Dhx1,Zhenqinli,Directed,edit_flow,P1120,2020/01/05,2020/09/10
Zhenqinli,Dhx1,Directed,edit_flow,P1120,2020/01/05,2020/09/10
Dhx1,Zhenqinli,Directed,edit_flow,P1120,2020/01/05,2020/09/10
Zhenqinli,Dhx1,Directed,edit_flow,P1120,2020/01/05,2020/09/10
Dhx1,Zhenqinli,Directed,edit_flow,P1120,2020/01/05,2020/09/10
Zhenqinli,Dhx1,Directed,edit_flow,P1120,2020/01/05,2020/09/10
Dhx1,Zhenqinli,Directed,edit_flow,P1120,2020/01/05,2020/09/10
Zhenqinli,TiagoLubiana,Directed,edit_flow,P1120,2020/01/05,2020/09/10
TiagoLubiana,Dhx1,Directed,edit_flow,P1120,2020/01/05,2020/09/10
Dhx1,Zhenqinli,Directed,edit_flow,P1120,2020/01/05,2020/09/10
Zhenqinli,Dhx1,Directed,edit_flow,P1120,2020/01/05,2020/09/10
Dhx1,Zhenqinli,Directed,edit_flow,P1120,2020/01/05,2020/09/10
Zhenqinli,Dhx1,Directed,edit_flow,P1120,2020/01/05,2020/09/10
Dhx1,Zhenqinli,Directed,edit_flow,P1120,2020/01/05,2020/09/10
Zhenqinli,So9q,Directed,edit_flow,P1120,2020/01/05,2020/09/10
So9q,Dhx1,Directed,edit_flow,P1120,2020/01/05,2020/09/10
Dhx1,2A02:2788:1024:CC0:2966:F6FC:143C:6004,Directed,edit_flow,P1120,2020/01/05,2020/09/10
2A02:2788:1024:CC0:2966:F6FC:143C:6004,Dhx1,Directed,edit_flow,P1120,2020/01/05,2020/09/10
Dhx1,117.211.214.201,Directed,edit_flow,P1120,2020/01/05,2020/09/10
117.211.214.201,Dhx1,Directed,edit_flow,P1120,2020/01/05,2020/09/10
Dhx1,2003:C6:7F17:CF00:C97D:94DA:5C8C:7E7B,Directed,edit_flow,P1120,2020/01/05,2020/09/10
2003:C6:7F17:CF00:C97D:94DA:5C8C:7E7B,Epìdosis,Directed,edit_flow,P1120,2020/01/05,2020/09/10
Epìdosis,Julián L. Páez,Directed,edit_flow,P1120,2020/01/05,2020/09/10
Julián L. Páez,Dhx1,Directed,edit_flow,P1120,2020/01/05,2020/09/10
Dhx1,Athozus,Directed,edit_flow,P1120,2020/01/05,2020/09/10
Athozus,Dhx1,Directed,edit_flow,P1120,2020/01/05,2020/09/10
Dhx1,وسام,Directed,edit_flow,P1120,2020/01/05,2020/09/10
وسام,Dhx1,Directed,edit_flow,P1120,2020/01/05,2020/09/10
Dhx1,Premeditated,Directed,edit_flow,P1120,2020/01/05,2020/09/10
Premeditated,Dhx1,Directed,edit_flow,P1120,2020/01/05,2020/09/10
Dhx1,Pietadè,Directed,edit_flow,P1120,2020/01/05,2020/09/10
Pietadè,Dhx1,Directed,edit_flow,P1120,2020/01/05,2020/09/10
Dhx1,Sun8908,Directed,edit_flow,P1120,2020/09/10,2021/05/17
Sun8908,105.107.214.147,Directed,edit_flow,P1120,2020/09/10,2021/05/17
105.107.214.147,Sun8908,Directed,edit_flow,P1120,2020/09/10,2021/05/17
Sun8908,MatSuBot,Directed,edit_flow,P1120,2020/09/10,2021/05/17
MatSuBot,Sun8908,Directed,edit_flow,P1120,2020/09/10,2021/05/17
Sun8908,KrBot,Directed,edit_flow,P1120,2020/09/10,2021/05/17
KrBot,Sun8908,Directed,edit_flow,P1120,2020/09/10,2021/05/17
Sun8908,KrBot,Directed,edit_flow,P1120,2020/09/10,2021/05/17
KrBot,Sun8908,Directed,edit_flow,P1120,2020/09/10,2021/05/17
Sun8908,KrBot,Directed,edit_flow,P1120,2020/09/10,2021/05/17
KrBot,Sun8908,Directed,edit_flow,P1120,2020/09/10,2021/05/17
Sun8908,KrBot,Directed,edit_flow,P1120,2020/09/10,2021/05/17
KrBot,Sun8908,Directed,edit_flow,P1120,2020/09/10,2021/05/17
Sun8908,KrBot,Directed,edit_flow,P1120,2020/09/10,2021/05/17
KrBot,Sun8908,Directed,edit_flow,P1120,2020/09/10,2021/05/17
Sun8908,47.232.133.199,Directed,edit_flow,P1120,2020/09/10,2021/05/17
47.232.133.199,-sasha-,Directed,edit_flow,P1120,2020/09/10,2021/05/17
-sasha-,Davidpar,Directed,edit_flow,P1120,2020/09/10,2021/05/17
Davidpar,Sun8908,Directed,edit_flow,P1120,2020/09/10,2021/05/17
Sun8908,Llywelyn2000,Directed,edit_flow,P1120,2020/09/10,2021/05/17
Llywelyn2000,DeltaBot,Directed,edit_flow,P1120,2020/09/10,2021/05/17
DeltaBot,Dhx1,Directed,edit_flow,P1120,2020/09/10,2021/05/17
Dhx1,4ing,Directed,edit_flow,P1120,2020/09/10,2021/05/17
4ing,Dhx1,Directed,edit_flow,P1120,2020/09/10,2021/05/17
Dhx1,Julián L. Páez,Directed,edit_flow,P1120,2020/09/10,2021/05/17
Julián L. Páez,Bassel Elgohary,Directed,edit_flow,P1120,2020/09/10,2021/05/17
Bassel Elgohary,Dhx1,Directed,edit_flow,P1120,2020/09/10,2021/05/17
Dhx1,Bassel Elgohary,Directed,edit_flow,P1120,2020/09/10,2021/05/17
Bassel Elgohary,Les Meloures,Directed,edit_flow,P1120,2020/09/10,2021/05/17
Les Meloures,Shiro D. Neko,Directed,edit_flow,P1120,2020/09/10,2021/05/17
Shiro D. Neko,Asav,Directed,edit_flow,P1120,2021/05/17,2022/01/21
Asav,99of9,Directed,edit_flow,P1120,2021/05/17,2022/01/21
99of9,Tholme,Directed,edit_flow,P1120,2022/01/21,2022/09/27
Tholme,GZWDer,Directed,edit_flow,P1120,2024/02/07,2024/10/13
Zhenqinli,Frettie,Directed,edit_flow,P828,2020/01/05,2020/09/10
Frettie,Eltetelar12,Directed,edit_flow,P828,2020/01/05,2020/09/10
Eltetelar12,Sun8908,Directed,edit_flow,P828,2020/01/05,2020/09/10
舞月書生,HapHaxion,Directed,edit_flow,P131,2020/01/05,2020/09/10
Bouzinac,Arbnos,Directed,edit_flow,P276,2020/01/05,2020/09/10
Arbnos,HapHaxion,Directed,edit_flow,P276,2020/01/05,2020/09/10
HapHaxion,Arbnos,Directed,edit_flow,P276,2020/01/05,2020/09/10
Arbnos,Succu,Directed,edit_flow,P276,2020/01/05,2020/09/10
Succu,Arbnos,Directed,edit_flow,P276,2020/01/05,2020/09/10
Arbnos,Trade,Directed,edit_flow,P276,2020/01/05,2020/09/10
Trade,BohemianRhapsody,Directed,edit_flow,P276,2020/01/05,2020/09/10
BohemianRhapsody,Tmv,Directed,edit_flow,P276,2020/01/05,2020/09/10
Tmv,2003:C6:7F17:CF00:C97D:94DA:5C8C:7E7B,Directed,edit_flow,P276,2020/01/05,2020/09/10
2003:C6:7F17:CF00:C97D:94DA:5C8C:7E7B,Epìdosis,Directed,edit_flow,P276,2020/01/05,2020/09/10
Bouzinac,Supaplex,Directed,edit_flow,P1427,2020/01/05,2020/09/10
Supaplex,Dhx1,Directed,edit_flow,P1427,2020/01/05,2020/09/10
Dhx1,Sun8908,Directed,edit_flow,P1427,2020/01/05,2020/09/10
Efly,Neo-Jay,Directed,edit_flow,P373,2020/01/05,2020/09/10
Neo-Jay,Newone,Directed,edit_flow,P373,2020/01/05,2020/09/10
Newone,Frodar,Directed,edit_flow,P373,2020/01/05,2020/09/10
Frodar,Neo-Jay,Directed,edit_flow,P373,2020/01/05,2020/09/10
Osteologia,LLs,Directed,edit_flow,P18,2020/01/05,2020/09/10
LLs,Cbliu,Directed,edit_flow,P18,2020/01/05,2020/09/10
Cbliu,Arbnos,Directed,edit_flow,P18,2020/01/05,2020/09/10
Arbnos,D2513850,Directed,edit_flow,P18,2020/01/05,2020/09/10
D2513850,Nvrandow,Directed,edit_flow,P18,2020/01/05,2020/09/10
Nvrandow,Jeblad,Directed,edit_flow,P18,2020/01/05,2020/09/10
Jeblad,唐吉訶德的侍從,Directed,edit_flow,P18,2020/01/05,2020/09/10
唐吉訶德的侍從,Kaliforniyka,Directed,edit_flow,P18,2020/01/05,2020/09/10
Kaliforniyka,Triggerhippie4,Directed,edit_flow,P18,2020/01/05,2020/09/10
Triggerhippie4,92.169.205.34,Directed,edit_flow,P18,2020/01/05,2020/09/10
92.169.205.34,Desoda,Directed,edit_flow,P18,2020/01/05,2020/09/10
Desoda,LLs,Directed,edit_flow,P18,2020/01/05,2020/09/10
LLs,WTM,Directed,edit_flow,P18,2020/01/05,2020/09/10
WTM,Infovarius,Directed,edit_flow,P18,2020/01/05,2020/09/10
Infovarius,Sdkb,Directed,edit_flow,P18,2020/01/05,2020/09/10
Sdkb,ŠJů,Directed,edit_flow,P18,2020/01/05,2020/09/10
ŠJů,Wolverène,Directed,edit_flow,P18,2020/01/05,2020/09/10
Wolverène,ŠJů,Directed,edit_flow,P18,2020/01/05,2020/09/10
ŠJů,104.7.153.230,Directed,edit_flow,P18,2020/01/05,2020/09/10
104.7.153.230,DanielAlba15,Directed,edit_flow,P18,2020/01/05,2020/09/10
DanielAlba15,KrBot,Directed,edit_flow,P18,2020/01/05,2020/09/10
KrBot,80.63.56.230,Directed,edit_flow,P18,2020/01/05,2020/09/10
80.63.56.230,Sdkb,Directed,edit_flow,P18,2020/01/05,2020/09/10
Sdkb,Desoda,Directed,edit_flow,P18,2020/09/10,2021/05/17
Desoda,4ing,Directed,edit_flow,P18,2020/09/10,2021/05/17
4ing,Casanova50,Directed,edit_flow,P18,2021/05/17,2022/01/21
Casanova50,Adam Harangozó,Directed,edit_flow,P18,2021/05/17,2022/01/21
Adam Harangozó,Christmas Wreath,Directed,edit_flow,P18,2022/09/27,2023/06/03
Cbliu,LLs,Directed,edit_flow,P242,2020/01/05,2020/09/10
LLs,Xabi22,Directed,edit_flow,P242,2020/01/05,2020/09/10
Xabi22,195.58.13.217,Directed,edit_flow,P242,2020/01/05,2020/09/10
195.58.13.217,Triggerhippie4,Directed,edit_flow,P242,2020/01/05,2020/09/10
Neo-Jay,Zzme123,Directed,edit_flow,P2184,2020/01/05,2020/09/10
Шкурба Андрій Вікторович,Dhx1,Directed,edit_flow,P780,2020/01/05,2020/09/10
Neo-Jay,Frettie,Directed,edit_flow,P1542,2020/01/05,2020/09/10
Frettie,Dhx1,Directed,edit_flow,P1542,2020/01/05,2020/09/10
Dhx1,Frettie,Directed,edit_flow,P1542,2020/01/05,2020/09/10
Frettie,ZZARZY223,Directed,edit_flow,P1542,2020/01/05,2020/09/10
ZZARZY223,Frettie,Directed,edit_flow,P1542,2020/01/05,2020/09/10
Frettie,Triggerhippie4,Directed,edit_flow,P1542,2020/01/05,2020/09/10
Triggerhippie4,Dhx1,Directed,edit_flow,P1542,2020/01/05,2020/09/10
Dhx1,Zhenqinli,Directed,edit_flow,P1542,2020/01/05,2020/09/10
Zhenqinli,Dhx1,Directed,edit_flow,P1542,2020/01/05,2020/09/10
Dhx1,BohemianRhapsody,Directed,edit_flow,P1542,2020/01/05,2020/09/10
BohemianRhapsody,ŠJů,Directed,edit_flow,P1542,2020/01/05,2020/09/10
ŠJů,Zhenqinli,Directed,edit_flow,P1542,2020/01/05,2020/09/10
Zhenqinli,So9q,Directed,edit_flow,P1542,2020/01/05,2020/09/10
So9q,Zhenqinli,Directed,edit_flow,P1542,2020/01/05,2020/09/10
Zhenqinli,Davidpar,Directed,edit_flow,P1542,2020/01/05,2020/09/10
Davidpar,KrBot,Directed,edit_flow,P1542,2020/01/05,2020/09/10
KrBot,Zhenqinli,Directed,edit_flow,P1542,2020/01/05,2020/09/10
Zhenqinli,KrBot,Directed,edit_flow,P1542,2020/01/05,2020/09/10
KrBot,Zhenqinli,Directed,edit_flow,P1542,2020/01/05,2020/09/10
Zhenqinli,24.47.198.150,Directed,edit_flow,P1542,2020/01/05,2020/09/10
24.47.198.150,Zhenqinli,Directed,edit_flow,P1542,2020/01/05,2020/09/10
Zhenqinli,Davidpar,Directed,edit_flow,P1542,2020/01/05,2020/09/10
Davidpar,KrBot,Directed,edit_flow,P1542,2020/01/05,2020/09/10
KrBot,Matlin,Directed,edit_flow,P1542,2022/01/21,2022/09/27
Matlin,KrBot,Directed,edit_flow,P1542,2022/09/27,2023/06/03
KrBot,Swpb,Directed,edit_flow,P1542,2024/02/07,2024/10/13
Neo-Jay,Pi bot,Directed,edit_flow,P3722,2020/01/05,2020/09/10
舞月書生,Allenwang6212a,Directed,edit_flow,P1424,2020/01/05,2020/09/10
Allenwang6212a,DeltaBot,Directed,edit_flow,P1424,2020/01/05,2020/09/10
Jeblad,151.53.152.90,Directed,edit_flow,P1603,2020/01/05,2020/09/10
151.53.152.90,Succu,Directed,edit_flow,P1603,2020/01/05,2020/09/10
Succu,Nvrandow,Directed,edit_flow,P1603,2020/01/05,2020/09/10
Nvrandow,Bouzinac,Directed,edit_flow,P1603,2020/01/05,2020/09/10
Bouzinac,Jeblad,Directed,edit_flow,P1603,2020/01/05,2020/09/10
Jeblad,Dhx1,Directed,edit_flow,P1603,2020/01/05,2020/09/10
Dhx1,Jeblad,Directed,edit_flow,P1603,2020/01/05,2020/09/10
Jeblad,Dhx1,Directed,edit_flow,P1603,2020/01/05,2020/09/10
Dhx1,Jeblad,Directed,edit_flow,P1603,2020/01/05,2020/09/10
Jeblad,Dhx1,Directed,edit_flow,P1603,2020/01/05,2020/09/10
Dhx1,Jeblad,Directed,edit_flow,P1603,2020/01/05,2020/09/10
Jeblad,Dhx1,Directed,edit_flow,P1603,2020/01/05,2020/09/10
Dhx1,151.9.5.215,Directed,edit_flow,P1603,2020/01/05,2020/09/10
151.9.5.215,Dhx1,Directed,edit_flow,P1603,2020/01/05,2020/09/10
Dhx1,194.116.26.4,Directed,edit_flow,P1603,2020/01/05,2020/09/10
194.116.26.4,Cbliu,Directed,edit_flow,P1603,2020/01/05,2020/09/10
Cbliu,240E:390:5611:11B0:848B:36AB:3DB9:C0C8,Directed,edit_flow,P1603,2020/01/05,2020/09/10
240E:390:5611:11B0:848B:36AB:3DB9:C0C8,טבעת-זרם,Directed,edit_flow,P1603,2020/01/05,2020/09/10
טבעת-זרם,Dhx1,Directed,edit_flow,P1603,2020/01/05,2020/09/10
Dhx1,87.0.167.130,Directed,edit_flow,P1603,2020/01/05,2020/09/10
87.0.167.130,Eulenspiegel1,Directed,edit_flow,P1603,2020/01/05,2020/09/10
Eulenspiegel1,Mohanad,Directed,edit_flow,P1603,2020/01/05,2020/09/10
Mohanad,Dhx1,Directed,edit_flow,P1603,2020/01/05,2020/09/10
Dhx1,83.54.26.61,Directed,edit_flow,P1603,2020/01/05,2020/09/10
83.54.26.61,Mohanad,Directed,edit_flow,P1603,2020/01/05,2020/09/10
Mohanad,Dhx1,Directed,edit_flow,P1603,2020/01/05,2020/09/10
Dhx1,Mohanad,Directed,edit_flow,P1603,2020/01/05,2020/09/10
Mohanad,Dhx1,Directed,edit_flow,P1603,2020/01/05,2020/09/10
Dhx1,Mohanad,Directed,edit_flow,P1603,2020/01/05,2020/09/10
Mohanad,Dhx1,Directed,edit_flow,P1603,2020/01/05,2020/09/10
Dhx1,Mohanad,Directed,edit_flow,P1603,2020/01/05,2020/09/10
Mohanad,Dhx1,Directed,edit_flow,P1603,2020/01/05,2020/09/10
Dhx1,95.237.33.83,Directed,edit_flow,P1603,2020/01/05,2020/09/10
95.237.33.83,Dhx1,Directed,edit_flow,P1603,2020/01/05,2020/09/10
Dhx1,2003:E8:BF24:2A5A:EDC1:C1F:699:C165,Directed,edit_flow,P1603,2020/01/05,2020/09/10
2003:E8:BF24:2A5A:EDC1:C1F:699:C165,Mohanad,Directed,edit_flow,P1603,2020/01/05,2020/09/10
Mohanad,Dhx1,Directed,edit_flow,P1603,2020/01/05,2020/09/10
Dhx1,116.48.25.163,Directed,edit_flow,P1603,2020/01/05,2020/09/10
116.48.25.163,Dhx1,Directed,edit_flow,P1603,2020/01/05,2020/09/10
Dhx1,Mohanad,Directed,edit_flow,P1603,2020/01/05,2020/09/10
Mohanad,Dhx1,Directed,edit_flow,P1603,2020/01/05,2020/09/10
Dhx1,94.190.201.202,Directed,edit_flow,P1603,2020/01/05,2020/09/10
94.190.201.202,KonstantinaG07,Directed,edit_flow,P1603,2020/01/05,2020/09/10
KonstantinaG07,Dhx1,Directed,edit_flow,P1603,2020/01/05,2020/09/10
Dhx1,Davidpar,Directed,edit_flow,P1603,2020/01/05,2020/09/10
Davidpar,Dhx1,Directed,edit_flow,P1603,2020/01/05,2020/09/10
Dhx1,Mohanad,Directed,edit_flow,P1603,2020/01/05,2020/09/10
Mohanad,Dhx1,Directed,edit_flow,P1603,2020/01/05,2020/09/10
Dhx1,Lofhi,Directed,edit_flow,P1603,2020/01/05,2020/09/10
Lofhi,Dhx1,Directed,edit_flow,P1603,2020/01/05,2020/09/10
Dhx1,Lofhi,Directed,edit_flow,P1603,2020/01/05,2020/09/10
Lofhi,Dhx1,Directed,edit_flow,P1603,2020/01/05,2020/09/10
Dhx1,TiagoLubiana,Directed,edit_flow,P1603,2020/01/05,2020/09/10
TiagoLubiana,Dhx1,Directed,edit_flow,P1603,2020/01/05,2020/09/10
Dhx1,So9q,Directed,edit_flow,P1603,2020/01/05,2020/09/10
So9q,Dhx1,Directed,edit_flow,P1603,2020/01/05,2020/09/10
Dhx1,81.35.48.190,Directed,edit_flow,P1603,2020/01/05,2020/09/10
81.35.48.190,Dhx1,Directed,edit_flow,P1603,2020/01/05,2020/09/10
Dhx1,Sun8908,Directed,edit_flow,P1603,2020/09/10,2021/05/17
Sun8908,105.107.214.147,Directed,edit_flow,P1603,2020/09/10,2021/05/17
105.107.214.147,Sun8908,Directed,edit_flow,P1603,2020/09/10,2021/05/17
Sun8908,MatSuBot,Directed,edit_flow,P1603,2020/09/10,2021/05/17
MatSuBot,Sun8908,Directed,edit_flow,P1603,2020/09/10,2021/05/17
Sun8908,KrBot,Directed,edit_flow,P1603,2020/09/10,2021/05/17
KrBot,Sun8908,Directed,edit_flow,P1603,2020/09/10,2021/05/17
Sun8908,Les Meloures,Directed,edit_flow,P1603,2020/09/10,2021/05/17
Les Meloures,KrBot,Directed,edit_flow,P1603,2020/09/10,2021/05/17
KrBot,Sun8908,Directed,edit_flow,P1603,2020/09/10,2021/05/17
Sun8908,KrBot,Directed,edit_flow,P1603,2020/09/10,2021/05/17
KrBot,Sun8908,Directed,edit_flow,P1603,2020/09/10,2021/05/17
Sun8908,KrBot,Directed,edit_flow,P1603,2020/09/10,2021/05/17
KrBot,Sun8908,Directed,edit_flow,P1603,2020/09/10,2021/05/17
Sun8908,KrBot,Directed,edit_flow,P1603,2020/09/10,2021/05/17
KrBot,Sun8908,Directed,edit_flow,P1603,2020/09/10,2021/05/17
Sun8908,103.220.77.24,Directed,edit_flow,P1603,2020/09/10,2021/05/17
103.220.77.24,DanielAlba15,Directed,edit_flow,P1603,2020/09/10,2021/05/17
DanielAlba15,Sun8908,Directed,edit_flow,P1603,2020/09/10,2021/05/17
Sun8908,Jordirooca,Directed,edit_flow,P1603,2020/09/10,2021/05/17
Jordirooca,Dhx1,Directed,edit_flow,P1603,2020/09/10,2021/05/17
Dhx1,Julián L. Páez,Directed,edit_flow,P1603,2020/09/10,2021/05/17
Julián L. Páez,Dhx1,Directed,edit_flow,P1603,2020/09/10,2021/05/17
Dhx1,Les Meloures,Directed,edit_flow,P1603,2020/09/10,2021/05/17
Les Meloures,Dhx1,Directed,edit_flow,P1603,2020/09/10,2021/05/17
Dhx1,Julián L. Páez,Directed,edit_flow,P1603,2020/09/10,2021/05/17
Julián L. Páez,Bassel Elgohary,Directed,edit_flow,P1603,2020/09/10,2021/05/17
Bassel Elgohary,Dhx1,Directed,edit_flow,P1603,2020/09/10,2021/05/17
Dhx1,Bassel Elgohary,Directed,edit_flow,P1603,2020/09/10,2021/05/17
Bassel Elgohary,Les Meloures,Directed,edit_flow,P1603,2020/09/10,2021/05/17
Les Meloures,108.56.130.85,Directed,edit_flow,P1603,2020/09/10,2021/05/17
108.56.130.85,Shiro D. Neko,Directed,edit_flow,P1603,2020/09/10,2021/05/17
Shiro D. Neko,Epìdosis,Directed,edit_flow,P1603,2020/09/10,2021/05/17
Epìdosis,Asav,Directed,edit_flow,P1603,2021/05/17,2022/01/21
Asav,99of9,Directed,edit_flow,P1603,2021/05/17,2022/01/21
99of9,GZWDer,Directed,edit_flow,P1603,2024/02/07,2024/10/13
Dhx1,Jeblad,Directed,edit_flow,P973,2020/01/05,2020/09/10
Jeblad,Salgo60,Directed,edit_flow,P973,2020/01/05,2020/09/10
Salgo60,Chchowmein,Directed,edit_flow,P973,2020/01/05,2020/09/10
Chchowmein,Lofhi,Directed,edit_flow,P973,2020/01/05,2020/09/10
Lofhi,Dhx1,Directed,edit_flow,P973,2020/01/05,2020/09/10
Dhx1,Sun8908,Directed,edit_flow,P973,2020/01/05,2020/09/10
Sun8908,49.182.23.133,Directed,edit_flow,P973,2020/09/10,2021/05/17
49.182.23.133,Peaceray,Directed,edit_flow,P973,2020/09/10,2021/05/17
Dhx1,2003:C6:7F17:CF00:C97D:94DA:5C8C:7E7B,Directed,edit_flow,P495,2020/01/05,2020/09/10
2003:C6:7F17:CF00:C97D:94DA:5C8C:7E7B,Epìdosis,Directed,edit_flow,P495,2020/01/05,2020/09/10
Epìdosis,Doostdar,Directed,edit_flow,P495,2020/01/05,2020/09/10
Doostdar,Supaplex,Directed,edit_flow,P495,2020/01/05,2020/09/10
Arbnos,HapHaxion,Directed,edit_flow,P585,2020/01/05,2020/09/10
HapHaxion,Triggerhippie4,Directed,edit_flow,P585,2020/01/05,2020/09/10
Triggerhippie4,Amadalvarez,Directed,edit_flow,P585,2020/01/05,2020/09/10
Amadalvarez,2003:C6:7F17:CF00:C97D:94DA:5C8C:7E7B,Directed,edit_flow,P585,2020/01/05,2020/09/10
2003:C6:7F17:CF00:C97D:94DA:5C8C:7E7B,Epìdosis,Directed,edit_flow,P585,2020/01/05,2020/09/10
Epìdosis,Don-vip,Directed,edit_flow,P585,2021/05/17,2022/01/21
Salgo60,Chchowmein,Directed,edit_flow,P2572,2020/01/05,2020/09/10
Chchowmein,Sun8908,Directed,edit_flow,P2572,2020/01/05,2020/09/10
Sun8908,Z7504,Directed,edit_flow,P2572,2020/09/10,2021/05/17
Trade,2001:1970:55DA:3F00:B5EC:99F6:494A:2E8A,Directed,edit_flow,P6760,2020/09/10,2021/05/17
2001:1970:55DA:3F00:B5EC:99F6:494A:2E8A,Epìdosis,Directed,edit_flow,P6760,2020/09/10,2021/05/17
Neo-Jay,KrBot,Directed,edit_flow,P2354,2020/01/05,2020/09/10
Dhx1,2003:C6:7F17:CF00:C97D:94DA:5C8C:7E7B,Directed,edit_flow,P3984,2020/01/05,2020/09/10
2003:C6:7F17:CF00:C97D:94DA:5C8C:7E7B,Epìdosis,Directed,edit_flow,P3984,2020/01/05,2020/09/10
Epìdosis,OsamaK,Directed,edit_flow,P3984,2020/01/05,2020/09/10
OsamaK,Lockal,Directed,edit_flow,P3984,2020/01/05,2020/09/10
Jeanjung212,Azertus,Directed,edit_flow,P7301,2021/05/17,2022/01/21
Azertus,Trade,Directed,edit_flow,P7301,2024/02/07,2024/10/13
Jeanjung212,Horcrux,Directed,edit_flow,P2581,2024/10/13,2025/06/19
Jeanjung212,Ivan A. Krestinin,Directed,edit_flow,P3479,2022/01/21,2022/09/27
Jeanjung212,Pyb en résidence,Directed,edit_flow,P5551,2024/10/13,2025/06/19
Neo-Jay,Trade,Directed,edit_flow,P527,2020/01/05,2020/09/10
Trade,Neo-Jay,Directed,edit_flow,P527,2020/01/05,2020/09/10
Neo-Jay,Theklan,Directed,edit_flow,P527,2020/01/05,2020/09/10
Theklan,Davidpar,Directed,edit_flow,P527,2020/01/05,2020/09/10
Davidpar,Toghrul R,Directed,edit_flow,P527,2020/01/05,2020/09/10
Toghrul R,Davidpar,Directed,edit_flow,P527,2020/01/05,2020/09/10
Davidpar,Neo-Jay,Directed,edit_flow,P527,2020/01/05,2020/09/10
Neo-Jay,Eulenspiegel1,Directed,edit_flow,P527,2020/01/05,2020/09/10
Eulenspiegel1,Matlin,Directed,edit_flow,P527,2022/01/21,2022/09/27
Neo-Jay,BohemianRhapsody,Directed,edit_flow,P625,2020/01/05,2020/09/10
Triggerhippie4,Sdkb,Directed,edit_flow,P1846,2020/01/05,2020/09/10
Sdkb,Naypta,Directed,edit_flow,P1846,2020/01/05,2020/09/10
Naypta,Raphaël Dunant,Directed,edit_flow,P1846,2020/01/05,2020/09/10
Raphaël Dunant,Naypta,Directed,edit_flow,P1846,2020/01/05,2020/09/10
Naypta,Iwan.Aucamp,Directed,edit_flow,P1846,2020/01/05,2020/09/10
Iwan.Aucamp,Davidpar,Directed,edit_flow,P1846,2020/01/05,2020/09/10
Neo-Jay,Sdkb,Directed,edit_flow,P1339,2020/01/05,2020/09/10
Premeditated,IngeniousBot,Directed,edit_flow,P5082,2022/01/21,2022/09/27
Mikani,Codas,Directed,edit_flow,P948,2024/10/13,2025/06/19
Neo-Jay,Yupik,Directed,edit_flow,P6104,2020/01/05,2020/09/10
Spinster,Yupik,Directed,edit_flow,P5008,2020/01/05,2020/09/10
Yupik,Research Bot,Directed,edit_flow,P5008,2022/01/21,2022/09/27
Research Bot,Theklan,Directed,edit_flow,P5008,2022/09/27,2023/06/03
Theklan,Steenthbot,Directed,edit_flow,P5008,2024/10/13,2025/06/19
ElmarG,Eulenspiegel1,Directed,edit_flow,P460,2020/01/05,2020/09/10
Nintendofan885,Robins7,Directed,edit_flow,P1151,2020/01/05,2020/09/10
Robins7,Alan ffm,Directed,edit_flow,P1151,2020/01/05,2020/09/10
Alan ffm,Christmas Wreath,Directed,edit_flow,P1151,2022/09/27,2023/06/03
TiagoLubiana,So9q,Directed,edit_flow,P8010,2020/01/05,2020/09/10
So9q,Jimmy Olano,Directed,edit_flow,P8010,2020/01/05,2020/09/10
Jimmy Olano,105.159.2.2,Directed,edit_flow,P8010,2020/01/05,2020/09/10
105.159.2.2,Saabzy,Directed,edit_flow,P8010,2020/01/05,2020/09/10
Saabzy,Sun8908,Directed,edit_flow,P8010,2020/01/05,2020/09/10
Sun8908,Premeditated,Directed,edit_flow,P8010,2020/01/05,2020/09/10
Premeditated,2600:8807:9200:E9:DBF:763A:FBE0:6420,Directed,edit_flow,P8010,2020/01/05,2020/09/10
2600:8807:9200:E9:DBF:763A:FBE0:6420,Epìdosis,Directed,edit_flow,P8010,2020/01/05,2020/09/10
Epìdosis,105.107.214.147,Directed,edit_flow,P8010,2020/09/10,2021/05/17
105.107.214.147,Sun8908,Directed,edit_flow,P8010,2020/09/10,2021/05/17
Sun8908,Bassel Elgohary,Directed,edit_flow,P8010,2020/09/10,2021/05/17
Bassel Elgohary,Julián L. Páez,Directed,edit_flow,P8010,2020/09/10,2021/05/17
Julián L. Páez,Bassel Elgohary,Directed,edit_flow,P8010,2020/09/10,2021/05/17
Bassel Elgohary,Shiro D. Neko,Directed,edit_flow,P8010,2020/09/10,2021/05/17
Shiro D. Neko,Z7504,Directed,edit_flow,P8010,2020/09/10,2021/05/17
Pacostein,Wd-Ryan,Directed,edit_flow,P7775,2020/09/10,2021/05/17
Wd-Ryan,Hanif Al Husaini,Directed,edit_flow,P7775,2020/09/10,2021/05/17
Hanif Al Husaini,Susmuffin,Directed,edit_flow,P7775,2022/01/21,2022/09/27
Susmuffin,1857a,Directed,edit_flow,P7775,2024/10/13,2025/06/19
Pacostein,37.124.135.233,Directed,edit_flow,P6839,2020/01/05,2020/09/10
37.124.135.233,FallingGravity,Directed,edit_flow,P6839,2022/01/21,2022/09/27
FallingGravity,Lemondoge,Directed,edit_flow,P6839,2024/02/07,2024/10/13
NMaia,Sun8908,Directed,edit_flow,P1282,2020/09/10,2021/05/17
Sun8908,Reinheitsgebot,Directed,edit_flow,P1282,2021/05/17,2022/01/21
112.79.112.86,Pacostein,Directed,edit_flow,P7829,2020/09/10,2021/05/17
Leonprimer,Horcrux,Directed,edit_flow,P1417,2023/06/03,2024/02/07
Pacostein,Ameisenigel,Directed,edit_flow,P7827,2024/02/07,2024/10/13
Angelillo28,Julián L. Páez,Directed,edit_flow,P582,2020/09/10,2021/05/17
Julián L. Páez,Angelillo2026,Directed,edit_flow,P582,2020/09/10,2021/05/17
Angelillo2026,Epìdosis,Directed,edit_flow,P582,2020/09/10,2021/05/17
J 1982,Horcrux,Directed,edit_flow,P4073,2024/10/13,2025/06/19
Baidax,Eihel,Directed,edit_flow,P9346,2020/09/10,2021/05/17
Eihel,Pyb en résidence,Directed,edit_flow,P9346,2024/10/13,2025/06/19
Egon Willighagen,Horcrux,Directed,edit_flow,P10283,2024/10/13,2025/06/19
C7002593,KrBot,Directed,edit_flow,P244,2022/01/21,2022/09/27
KrBot,Kolja21,Directed,edit_flow,P244,2022/09/27,2023/06/03
Wurgl,Kolja21,Directed,edit_flow,P227,2022/09/27,2023/06/03
Zhenqinli,Swpb,Directed,edit_flow,P11738,2024/02/07,2024/10/13
Mr. Ibrahem,Mr.Ibrahembot,Directed,edit_flow,P11143,2024/02/07,2024/10/13
Mr.Ibrahembot,KrBot,Directed,edit_flow,P11143,2024/02/07,2024/10/13
Reinheitsgebot,Epìdosis,Directed,edit_flow,P4656,2024/10/13,2025/06/19
