Source,Target,interaction_type
MazinX,MazinX,ADDED
MazinX,MazinX,ADDED
Legobot,Legobot,ADDED
GPUBot,GPUBot,ADDED
콩가루,콩가루,ADDED
콩가루,콩가루,ADDED
Steenthbot,Steenthbot,ADDED
Danrok,Danrok,ADDED
Thibaut120094,Thibaut120094,ADDED
Thibaut120094,Thibaut120094,ADDED
Infovarius,Infovarius,ADDED
Edoardo88,Edoardo88,ADDED
Edoardo88,Edoardo88,ADDED
Edoardo88,Edoardo88,ADDED
Pasleim,Pasleim,ADDED
Mbch331,Mbch331,ADDED
Firippu-san,Firippu-san,ADDED
Firippu-san,Firippu-san,ADDED
Bradipo Lento,Bradipo Lento,ADDED
Bradipo Lento,Bradipo Lento,ADDED
Edgars2007,Edgars2007,ADDED
Thierry Caro,Thierry Caro,ADDED
Thierry Caro,Thierry Caro,ADDED
KasparBot,KasparBot,ADDED
Pigsonthewing-bot,Pigsonthewing-bot,ADDED
PearlieGirl,PearlieGirl,ADDED
EdgarsBot,EdgarsBot,ADDED
Lockal,Lockal,ADDED
Lockal,Lockal,ADDED
Lockal,Lockal,ADDED
Lockal,Lockal,ADDED
Beko,Beko,ADDED
Boollieva,Boollieva,ADDED
NMaia,NMaia,ADDED
NMaia,NMaia,ADDED
Wdpp,Wdpp,ADDED
Wdpp,Wdpp,ADDED
Lewis Hulbert,Lewis Hulbert,ADDED
1-Byte,1-Byte,ADDED
Mhl20,Mhl20,ADDED
Jura1,Jura1,ADDED
Jnylen,Jnylen,ADDED
Rotpunkt,Rotpunkt,ADDED
Pintoch,Pintoch,ADDED
Pintoch,Pintoch,ADDED
CennoxX,CennoxX,ADDED
CennoxX,CennoxX,ADDED
MisstressD,MisstressD,ADDED
ValterVBot,ValterVBot,ADDED
Simon Villeneuve,Simon Villeneuve,ADDED
Eru,Eru,ADDED
Cavaliere grande,Cavaliere grande,ADDED
Spinoziano,Spinoziano,ADDED
Kam Solusar,Kam Solusar,ADDED
Amihan27,Amihan27,ADDED
Christian140,Christian140,ADDED
Christian140,Christian140,ADDED
Xezbeth,Xezbeth,ADDED
JuanToño,JuanToño,ADDED
VulcanSphere,VulcanSphere,ADDED
Argo Carpathians,Argo Carpathians,ADDED
Argo Carpathians,Argo Carpathians,ADDED
Argo Carpathians,Argo Carpathians,ADDED
Argo Carpathians,Argo Carpathians,ADDED
Argo Carpathians,Argo Carpathians,ADDED
Argo Carpathians,Argo Carpathians,ADDED
Reinheitsgebot,Reinheitsgebot,ADDED
Tinker Bell,Tinker Bell,ADDED
Bencemac,Bencemac,ADDED
Bencemac,Bencemac,ADDED
Bencemac,Bencemac,ADDED
Bencemac,Bencemac,ADDED
Bencemac,Bencemac,ADDED
Bencemac,Bencemac,ADDED
Jean-Frédéric,Jean-Frédéric,ADDED
Jean-Frédéric,Jean-Frédéric,ADDED
NicereddyBot,NicereddyBot,ADDED
BorkedBot,BorkedBot,ADDED
BorkedBot,BorkedBot,ADDED
Asierog,Asierog,ADDED
Урыл,Урыл,ADDED
Gauravahlawat81,Gauravahlawat81,ADDED
Stevenliuyi,Stevenliuyi,ADDED
Stevenliuyi,Stevenliuyi,ADDED
Ｈ00000000000,Ｈ00000000000,ADDED
Ｈ00000000000,Ｈ00000000000,ADDED
Floyd-out,Floyd-out,ADDED
Floyd-out,Floyd-out,ADDED
Njzjz,Njzjz,ADDED
Trade,Trade,ADDED
מתקןמחשב,מתקןמחשב,ADDED
BrokenSegue,BrokenSegue,ADDED
RPI2026F1,RPI2026F1,ADDED
RPI2026F1,RPI2026F1,ADDED
RPI2026F1,RPI2026F1,ADDED
RPI2026F1,RPI2026F1,ADDED
Simone Biancolilla,Simone Biancolilla,ADDED
Simone Biancolilla,Simone Biancolilla,ADDED
Simone Biancolilla,Simone Biancolilla,ADDED
Simone Biancolilla,Simone Biancolilla,ADDED
Simone Biancolilla,Simone Biancolilla,ADDED
Simone Biancolilla,Simone Biancolilla,ADDED
Simone Biancolilla,Simone Biancolilla,ADDED
Simone Biancolilla,Simone Biancolilla,ADDED
Simone Biancolilla,Simone Biancolilla,ADDED
Laftp0,Laftp0,ADDED
Laftp0,Laftp0,ADDED
Laftp0,Laftp0,ADDED
Laftp0,Laftp0,ADDED
Wd-Ryan,Wd-Ryan,ADDED
DannyS712,DannyS712,ADDED
RPI2026F1Bot,RPI2026F1Bot,ADDED
RPI2026F1Bot,RPI2026F1Bot,ADDED
Kirilloparma,Kirilloparma,ADDED
Kirilloparma,Kirilloparma,ADDED
MidleadingBot,MidleadingBot,ADDED
Binarycat64,Binarycat64,ADDED
KrBot,KrBot,ADDED
Matthias M.,Matthias M.,ADDED
Balise42,Balise42,ADDED
Ameisenigel,Ameisenigel,ADDED
Fryed-peach,Fryed-peach,ADDED
Fryed-peach,Fryed-peach,ADDED
Dexbot,MazinX,DELETED
Firippu-san,Infovarius,DELETED
Christian140,Christian140,DELETED
أنور,Beko,DELETED
أنور,Bradipo Lento,DELETED
QuickStatementsBot,Pasleim,DELETED
VulcanSphere,Simon Villeneuve,DELETED
VulcanSphere,VulcanSphere,DELETED
VulcanSphere,Xezbeth,DELETED
VulcanSphere,Jura1,DELETED
VulcanSphere,Wdpp,DELETED
VulcanSphere,Edgars2007,DELETED
VulcanSphere,Lockal,DELETED
VulcanSphere,Sakretsu,DELETED
VulcanSphere,NMaia,DELETED
VulcanSphere,Lewis Hulbert,DELETED
VulcanSphere,1-Byte,DELETED
VulcanSphere,Mhl20,DELETED
VulcanSphere,Jnylen,DELETED
VulcanSphere,Epìdosis,DELETED
VulcanSphere,Pintoch,DELETED
VulcanSphere,CennoxX,DELETED
VulcanSphere,CennoxX,DELETED
VulcanSphere,ValterVBot,DELETED
VulcanSphere,Kam Solusar,DELETED
VulcanSphere,Cavaliere grande,DELETED
VulcanSphere,Edoardo88,DELETED
Argo Carpathians,VulcanSphere,DELETED
Argo Carpathians,Argo Carpathians,DELETED
Argo Carpathians,MisterSynergy,DELETED
Christian140,VulcanSphere,DELETED
181.29.165.110,VulcanSphere,DELETED
181.29.165.110,VulcanSphere,DELETED
181.29.165.110,Argo Carpathians,DELETED
181.29.165.110,KrBot,DELETED
181.29.165.110,181.29.165.110,DELETED
Janik98,Bradipo Lento,DELETED
Janik98,Reinheitsgebot,DELETED
Trade,Trade,DELETED
Nafiya Ahmed,Xezbeth,DELETED
מתקןמחשב,מתקןמחשב,DELETED
Laftp0,Laftp0,DELETED
Laftp0,Laftp0,DELETED
Laftp0,Laftp0,DELETED
RPI2026F1,RPI2026F1,DELETED
Simone Biancolilla,Simone Biancolilla,DELETED
Simone Biancolilla,Simone Biancolilla,DELETED
Mullanur,Harryboyles,DELETED
Ameisenigel,Tinker Bell,DELETED
OQZYwD0R,RPI2026F1,DELETED
MazinX,MazinX,MODIFIED
Legobot,Legobot,MODIFIED
GPUBot,GPUBot,MODIFIED
콩가루,MazinX,MODIFIED
콩가루,콩가루,MODIFIED
Steenthbot,Steenthbot,MODIFIED
Aldnonymous,콩가루,MODIFIED
Infovarius,Infovarius,MODIFIED
TomT0m,콩가루,MODIFIED
Edoardo88,Edoardo88,MODIFIED
Edoardo88,Edoardo88,MODIFIED
Edoardo88,Edoardo88,MODIFIED
Thibaut120094,Thibaut120094,MODIFIED
Pasleim,Pasleim,MODIFIED
Mbch331,Mbch331,MODIFIED
Firippu-san,TomT0m,MODIFIED
Firippu-san,Firippu-san,MODIFIED
Christian140,Mbch331,MODIFIED
Edgars2007,Edgars2007,MODIFIED
Thierry Caro,Thierry Caro,MODIFIED
Thierry Caro,Thierry Caro,MODIFIED
KasparBot,KasparBot,MODIFIED
Pigsonthewing-bot,Pigsonthewing-bot,MODIFIED
EdgarsBot,EdgarsBot,MODIFIED
Sakretsu,Thibaut120094,MODIFIED
Sakretsu,Thierry Caro,MODIFIED
Murak0,GPUBot,MODIFIED
Beko,Beko,MODIFIED
Shumaila.kausar555,Pigsonthewing-bot,MODIFIED
JersyJacob,Thierry Caro,MODIFIED
Amitbjadhav,Shumaila.kausar555,MODIFIED
أنور,Edoardo88,MODIFIED
Wdpp,Firippu-san,MODIFIED
Jura1,Jura1,MODIFIED
MisterSynergy,أنور,MODIFIED
Rotpunkt,Rotpunkt,MODIFIED
MisterSynergy,Firippu-san,MODIFIED
Maxlath,Edoardo88,MODIFIED
Maxlath,Maxlath,MODIFIED
Soyomogi,JersyJacob,MODIFIED
Soyomogi,Soyomogi,MODIFIED
CennoxX,Wdpp,MODIFIED
Simon Villeneuve,Simon Villeneuve,MODIFIED
ユック,콩가루,MODIFIED
ユック,ユック,MODIFIED
ユック,ユック,MODIFIED
ユック,ユック,MODIFIED
ユック,ユック,MODIFIED
VulcanSphere,MisstressD,MODIFIED
Kam Solusar,CennoxX,MODIFIED
Christian140,Maxlath,MODIFIED
Christian140,Christian140,MODIFIED
Christian140,Christian140,MODIFIED
Christian140,Christian140,MODIFIED
Christian140,Christian140,MODIFIED
JuanToño,JuanToño,MODIFIED
JuanToño,JuanToño,MODIFIED
JuanToño,JuanToño,MODIFIED
JuanToño,JuanToño,MODIFIED
JuanToño,JuanToño,MODIFIED
Epìdosis,Rotpunkt,MODIFIED
Epìdosis,Epìdosis,MODIFIED
Epìdosis,Epìdosis,MODIFIED
Epìdosis,Epìdosis,MODIFIED
Epìdosis,Epìdosis,MODIFIED
Epìdosis,Thibaut120094,MODIFIED
Sakretsu,Kam Solusar,MODIFIED
Sakretsu,Sakretsu,MODIFIED
Sakretsu,Sakretsu,MODIFIED
Sakretsu,Sakretsu,MODIFIED
Sakretsu,Sakretsu,MODIFIED
Sakretsu,Aldnonymous,MODIFIED
VulcanSphere,Christian140,MODIFIED
VulcanSphere,Christian140,MODIFIED
VulcanSphere,VulcanSphere,MODIFIED
VulcanSphere,VulcanSphere,MODIFIED
VulcanSphere,VulcanSphere,MODIFIED
VulcanSphere,VulcanSphere,MODIFIED
VulcanSphere,VulcanSphere,MODIFIED
VulcanSphere,VulcanSphere,MODIFIED
VulcanSphere,VulcanSphere,MODIFIED
VulcanSphere,VulcanSphere,MODIFIED
VulcanSphere,Sakretsu,MODIFIED
VulcanSphere,Sakretsu,MODIFIED
VulcanSphere,ユック,MODIFIED
VulcanSphere,Epìdosis,MODIFIED
KrBot,VulcanSphere,MODIFIED
Argo Carpathians,Danrok,MODIFIED
Argo Carpathians,Argo Carpathians,MODIFIED
Argo Carpathians,Argo Carpathians,MODIFIED
Argo Carpathians,Argo Carpathians,MODIFIED
Argo Carpathians,Argo Carpathians,MODIFIED
Argo Carpathians,Argo Carpathians,MODIFIED
Argo Carpathians,Argo Carpathians,MODIFIED
Argo Carpathians,Argo Carpathians,MODIFIED
Argo Carpathians,Argo Carpathians,MODIFIED
Argo Carpathians,Argo Carpathians,MODIFIED
Argo Carpathians,JuanToño,MODIFIED
KrBot,Argo Carpathians,MODIFIED
Epìdosis,VulcanSphere,MODIFIED
141.90.9.62,Christian140,MODIFIED
JC Work,VulcanSphere,MODIFIED
Argo Carpathians,Epìdosis,MODIFIED
181.29.165.110,Argo Carpathians,MODIFIED
181.29.165.110,Argo Carpathians,MODIFIED
181.29.165.110,181.29.165.110,MODIFIED
Bencemac,181.29.165.110,MODIFIED
OsamaK,JC Work,MODIFIED
OsamaK,OsamaK,MODIFIED
OsamaK,OsamaK,MODIFIED
OsamaK,OsamaK,MODIFIED
OsamaK,OsamaK,MODIFIED
OsamaK,OsamaK,MODIFIED
OsamaK,OsamaK,MODIFIED
OsamaK,OsamaK,MODIFIED
OsamaK,OsamaK,MODIFIED
OsamaK,OsamaK,MODIFIED
OsamaK,OsamaK,MODIFIED
Jean-Frédéric,Jean-Frédéric,MODIFIED
Jean-Frédéric,Jean-Frédéric,MODIFIED
Jean-Frédéric,Jean-Frédéric,MODIFIED
Jean-Frédéric,Jean-Frédéric,MODIFIED
Jean-Frédéric,Jean-Frédéric,MODIFIED
Jean-Frédéric,Jean-Frédéric,MODIFIED
Jean-Frédéric,Jean-Frédéric,MODIFIED
Jean-Frédéric,Jean-Frédéric,MODIFIED
Jean-Frédéric,Jean-Frédéric,MODIFIED
Jean-Frédéric,Jean-Frédéric,MODIFIED
Jean-Frédéric,Jean-Frédéric,MODIFIED
Jean-Frédéric,Jean-Frédéric,MODIFIED
Jean-Frédéric,Jean-Frédéric,MODIFIED
Jean-Frédéric,Jean-Frédéric,MODIFIED
Jean-Frédéric,Jean-Frédéric,MODIFIED
OsamaK,141.90.9.62,MODIFIED
Lockal,OsamaK,MODIFIED
Lockal,Lockal,MODIFIED
Lockal,Lockal,MODIFIED
Lockal,Lockal,MODIFIED
Lockal,Lockal,MODIFIED
Lockal,Lockal,MODIFIED
Lockal,Lockal,MODIFIED
Lockal,Lockal,MODIFIED
Lockal,Lockal,MODIFIED
Lockal,Lockal,MODIFIED
Lockal,Lockal,MODIFIED
Lockal,Lockal,MODIFIED
Lockal,Lockal,MODIFIED
Lockal,Lockal,MODIFIED
Lockal,Lockal,MODIFIED
Lockal,Lockal,MODIFIED
Lockal,Lockal,MODIFIED
Lockal,Lockal,MODIFIED
170.231.223.180,Spinoziano,MODIFIED
Bencemac,170.231.223.180,MODIFIED
Xezbeth,Bencemac,MODIFIED
Krassotkin,Bencemac,MODIFIED
Asierog,Krassotkin,MODIFIED
Asierog,OsamaK,MODIFIED
Asierog,MisterSynergy,MODIFIED
Asierog,Asierog,MODIFIED
Asierog,KrBot,MODIFIED
194.38.58.32,Asierog,MODIFIED
78.30.26.146,Xezbeth,MODIFIED
KrBot,Asierog,MODIFIED
Overcast07,78.30.26.146,MODIFIED
93.178.40.230,KrBot,MODIFIED
93.178.40.230,93.178.40.230,MODIFIED
Bencemac,93.178.40.230,MODIFIED
Joanastasia,Boollieva,MODIFIED
Bencemac,Joanastasia,MODIFIED
186.70.189.93,NicereddyBot,MODIFIED
Bencemac,186.70.189.93,MODIFIED
JAnDbot,Steenthbot,MODIFIED
Bcxfu75k,Argo Carpathians,MODIFIED
Ideophagous,Bencemac,MODIFIED
Ideophagous,Ideophagous,MODIFIED
Ideophagous,Ideophagous,MODIFIED
Ideophagous,194.38.58.32,MODIFIED
Brantmeierz,Bencemac,MODIFIED
Brantmeierz,Brantmeierz,MODIFIED
Brantmeierz,Brantmeierz,MODIFIED
Brantmeierz,Brantmeierz,MODIFIED
85.92.190.251,Bencemac,MODIFIED
Bencemac,85.92.190.251,MODIFIED
KrBot,JAnDbot,MODIFIED
KrBot,JAnDbot,MODIFIED
KrBot,KrBot,MODIFIED
KrBot,KrBot,MODIFIED
KrBot,KrBot,MODIFIED
KrBot,KrBot,MODIFIED
KrBot,KrBot,MODIFIED
J 1982,Lockal,MODIFIED
2605:B100:E012:DC54:4849:F360:8DC0:3283,Bencemac,MODIFIED
2605:B100:E012:DC54:4849:F360:8DC0:3283,Ideophagous,MODIFIED
122.173.30.137,2605:B100:E012:DC54:4849:F360:8DC0:3283,MODIFIED
Bencemac,122.173.30.137,MODIFIED
Jul-Ar,Bencemac,MODIFIED
Jul-Ar,Jul-Ar,MODIFIED
KrBot,Brantmeierz,MODIFIED
BorkedBot,J 1982,MODIFIED
BorkedBot,BorkedBot,MODIFIED
BorkedBot,BorkedBot,MODIFIED
BorkedBot,BorkedBot,MODIFIED
BorkedBot,BorkedBot,MODIFIED
BorkedBot,BorkedBot,MODIFIED
BorkedBot,BorkedBot,MODIFIED
BorkedBot,BorkedBot,MODIFIED
BorkedBot,BorkedBot,MODIFIED
BorkedBot,BorkedBot,MODIFIED
BorkedBot,BorkedBot,MODIFIED
BorkedBot,BorkedBot,MODIFIED
BorkedBot,BorkedBot,MODIFIED
130.83.152.40,Bencemac,MODIFIED
130.83.152.40,130.83.152.40,MODIFIED
130.83.152.40,Argo Carpathians,MODIFIED
130.83.152.40,Amihan27,MODIFIED
130.83.152.40,Murak0,MODIFIED
201.141.236.157,130.83.152.40,MODIFIED
201.141.236.157,201.141.236.157,MODIFIED
201.141.236.157,201.141.236.157,MODIFIED
Blueuniverseas,201.141.236.157,MODIFIED
Blueuniverseas,Blueuniverseas,MODIFIED
Xezbeth,130.83.152.40,MODIFIED
Xezbeth,130.83.152.40,MODIFIED
Xezbeth,130.83.152.40,MODIFIED
Xezbeth,Xezbeth,MODIFIED
Floyd-out,2605:B100:E012:DC54:4849:F360:8DC0:3283,MODIFIED
Floyd-out,Firippu-san,MODIFIED
2404:C0:7140:0:0:0:3120:C28A,KrBot,MODIFIED
2600:1700:3720:3770:880F:5DDA:4F6D:3F8A,2404:C0:7140:0:0:0:3120:C28A,MODIFIED
Titore,2600:1700:3720:3770:880F:5DDA:4F6D:3F8A,MODIFIED
2600:1700:3720:3770:653D:D66:CC44:D501,Titore,MODIFIED
LiberatorG,2600:1700:3720:3770:653D:D66:CC44:D501,MODIFIED
Brantmeierz,LiberatorG,MODIFIED
61.238.61.111,Overcast07,MODIFIED
61.238.61.111,61.238.61.111,MODIFIED
JAnDbot,KrBot,MODIFIED
Xezbeth,61.238.61.111,MODIFIED
Crystal-bot,Stevenliuyi,MODIFIED
Crystal-bot,Crystal-bot,MODIFIED
BrokenSegue,BrokenSegue,MODIFIED
Harryboyles,Bencemac,MODIFIED
RPI2026F1,RPI2026F1,MODIFIED
RPI2026F1,RPI2026F1,MODIFIED
RPI2026F1,RPI2026F1,MODIFIED
RPI2026F1,RPI2026F1,MODIFIED
RPI2026F1,RPI2026F1,MODIFIED
Laftp0,Asierog,MODIFIED
Laftp0,Laftp0,MODIFIED
Laftp0,Laftp0,MODIFIED
Laftp0,Laftp0,MODIFIED
Laftp0,Laftp0,MODIFIED
Laftp0,Laftp0,MODIFIED
Laftp0,Laftp0,MODIFIED
Laftp0,Laftp0,MODIFIED
Laftp0,Laftp0,MODIFIED
Laftp0,Laftp0,MODIFIED
Laftp0,Laftp0,MODIFIED
Laftp0,Laftp0,MODIFIED
Laftp0,Laftp0,MODIFIED
Laftp0,Laftp0,MODIFIED
Laftp0,Laftp0,MODIFIED
Laftp0,Laftp0,MODIFIED
Laftp0,Laftp0,MODIFIED
Laftp0,Laftp0,MODIFIED
Laftp0,Laftp0,MODIFIED
Laftp0,Laftp0,MODIFIED
KrBot,RPI2026F1,MODIFIED
Simone Biancolilla,Simone Biancolilla,MODIFIED
Simone Biancolilla,Simone Biancolilla,MODIFIED
Simone Biancolilla,Simone Biancolilla,MODIFIED
Simone Biancolilla,Simone Biancolilla,MODIFIED
Simone Biancolilla,Simone Biancolilla,MODIFIED
Simone Biancolilla,Simone Biancolilla,MODIFIED
Simone Biancolilla,Simone Biancolilla,MODIFIED
Simone Biancolilla,Simone Biancolilla,MODIFIED
DannyS712,DannyS712,MODIFIED
RPI2026F1Bot,Argo Carpathians,MODIFIED
RPI2026F1Bot,Floyd-out,MODIFIED
RPI2026F1Bot,Floyd-out,MODIFIED
RPI2026F1Bot,Ideophagous,MODIFIED
RPI2026F1Bot,NMaia,MODIFIED
RPI2026F1Bot,Xezbeth,MODIFIED
RPI2026F1Bot,Xezbeth,MODIFIED
RPI2026F1Bot,Bencemac,MODIFIED
RPI2026F1Bot,Bencemac,MODIFIED
RPI2026F1Bot,RPI2026F1Bot,MODIFIED
RPI2026F1Bot,RPI2026F1Bot,MODIFIED
RPI2026F1Bot,RPI2026F1Bot,MODIFIED
RPI2026F1Bot,RPI2026F1Bot,MODIFIED
RPI2026F1Bot,RPI2026F1Bot,MODIFIED
RPI2026F1Bot,RPI2026F1Bot,MODIFIED
RPI2026F1Bot,RPI2026F1Bot,MODIFIED
RPI2026F1Bot,RPI2026F1Bot,MODIFIED
RPI2026F1Bot,RPI2026F1Bot,MODIFIED
RPI2026F1Bot,RPI2026F1Bot,MODIFIED
RPI2026F1Bot,RPI2026F1Bot,MODIFIED
RPI2026F1Bot,RPI2026F1Bot,MODIFIED
RPI2026F1Bot,RPI2026F1Bot,MODIFIED
RPI2026F1Bot,RPI2026F1Bot,MODIFIED
RPI2026F1Bot,RPI2026F1Bot,MODIFIED
RPI2026F1Bot,RPI2026F1Bot,MODIFIED
RPI2026F1Bot,RPI2026F1Bot,MODIFIED
RPI2026F1Bot,RPI2026F1Bot,MODIFIED
RPI2026F1Bot,RPI2026F1Bot,MODIFIED
RPI2026F1Bot,RPI2026F1Bot,MODIFIED
RPI2026F1Bot,RPI2026F1Bot,MODIFIED
RPI2026F1Bot,RPI2026F1Bot,MODIFIED
RPI2026F1Bot,RPI2026F1Bot,MODIFIED
RPI2026F1Bot,RPI2026F1Bot,MODIFIED
RPI2026F1Bot,RPI2026F1Bot,MODIFIED
RPI2026F1Bot,RPI2026F1Bot,MODIFIED
RPI2026F1Bot,RPI2026F1Bot,MODIFIED
RPI2026F1Bot,RPI2026F1Bot,MODIFIED
RPI2026F1Bot,RPI2026F1Bot,MODIFIED
RPI2026F1Bot,RPI2026F1Bot,MODIFIED
RPI2026F1Bot,RPI2026F1Bot,MODIFIED
RPI2026F1Bot,RPI2026F1Bot,MODIFIED
RPI2026F1Bot,RPI2026F1Bot,MODIFIED
RPI2026F1Bot,RPI2026F1Bot,MODIFIED
RPI2026F1Bot,RPI2026F1Bot,MODIFIED
RPI2026F1Bot,RPI2026F1Bot,MODIFIED
RPI2026F1Bot,RPI2026F1Bot,MODIFIED
RPI2026F1Bot,RPI2026F1Bot,MODIFIED
RPI2026F1Bot,RPI2026F1Bot,MODIFIED
RPI2026F1Bot,RPI2026F1Bot,MODIFIED
RPI2026F1Bot,RPI2026F1Bot,MODIFIED
RPI2026F1Bot,RPI2026F1Bot,MODIFIED
RPI2026F1Bot,RPI2026F1Bot,MODIFIED
RPI2026F1Bot,RPI2026F1Bot,MODIFIED
RPI2026F1Bot,RPI2026F1Bot,MODIFIED
RPI2026F1Bot,RPI2026F1Bot,MODIFIED
RPI2026F1Bot,RPI2026F1Bot,MODIFIED
RPI2026F1Bot,RPI2026F1Bot,MODIFIED
RPI2026F1Bot,RPI2026F1Bot,MODIFIED
RPI2026F1Bot,RPI2026F1Bot,MODIFIED
RPI2026F1Bot,RPI2026F1Bot,MODIFIED
RPI2026F1Bot,RPI2026F1Bot,MODIFIED
RPI2026F1Bot,RPI2026F1Bot,MODIFIED
RPI2026F1Bot,RPI2026F1Bot,MODIFIED
RPI2026F1Bot,RPI2026F1Bot,MODIFIED
RPI2026F1Bot,RPI2026F1Bot,MODIFIED
RPI2026F1Bot,RPI2026F1Bot,MODIFIED
RPI2026F1Bot,RPI2026F1Bot,MODIFIED
RPI2026F1Bot,RPI2026F1Bot,MODIFIED
RPI2026F1Bot,RPI2026F1Bot,MODIFIED
RPI2026F1Bot,RPI2026F1Bot,MODIFIED
RPI2026F1Bot,RPI2026F1Bot,MODIFIED
RPI2026F1Bot,RPI2026F1Bot,MODIFIED
RPI2026F1Bot,RPI2026F1Bot,MODIFIED
RPI2026F1Bot,RPI2026F1Bot,MODIFIED
RPI2026F1Bot,RPI2026F1Bot,MODIFIED
RPI2026F1Bot,RPI2026F1Bot,MODIFIED
Laftp0,Xezbeth,MODIFIED
Laftp0,RPI2026F1Bot,MODIFIED
Laftp0,RPI2026F1Bot,MODIFIED
Laftp0,RPI2026F1Bot,MODIFIED
Laftp0,Brantmeierz,MODIFIED
Laftp0,Gauravahlawat81,MODIFIED
Laftp0,Bencemac,MODIFIED
Laftp0,BorkedBot,MODIFIED
RPI2026F1Bot,Laftp0,MODIFIED
RPI2026F1Bot,Laftp0,MODIFIED
RPI2026F1Bot,Laftp0,MODIFIED
RPI2026F1,RPI2026F1Bot,MODIFIED
RPI2026F1,RPI2026F1Bot,MODIFIED
RPI2026F1Bot,Asierog,MODIFIED
RPI2026F1Bot,Jean-Frédéric,MODIFIED
RPI2026F1Bot,DannyS712,MODIFIED
RPI2026F1Bot,RPI2026F1,MODIFIED
RPI2026F1Bot,RPI2026F1,MODIFIED
RPI2026F1Bot,KrBot,MODIFIED
Laftp0,Jean-Frédéric,MODIFIED
MidleadingBot,Njzjz,MODIFIED
Indpcatll,Jul-Ar,MODIFIED
SMP,Laftp0,MODIFIED
MidleadingBot,MidleadingBot,MODIFIED
MidleadingBot,MidleadingBot,MODIFIED
BorkedBot,Lockal,MODIFIED
Indpcatll,Laftp0,MODIFIED
Indpcatll,Indpcatll,MODIFIED
VulcanSphere,Bencemac,MODIFIED
Xzonn2000,Laftp0,MODIFIED
Xzonn2000,Xzonn2000,MODIFIED
Floyd-out,Floyd-out,MODIFIED
Kirilloparma,Kirilloparma,MODIFIED
DifoolBot,RPI2026F1Bot,MODIFIED
DifoolBot,RPI2026F1Bot,MODIFIED
DifoolBot,RPI2026F1Bot,MODIFIED
DifoolBot,RPI2026F1Bot,MODIFIED
DifoolBot,RPI2026F1Bot,MODIFIED
DifoolBot,RPI2026F1Bot,MODIFIED
DifoolBot,RPI2026F1Bot,MODIFIED
DifoolBot,RPI2026F1Bot,MODIFIED
DifoolBot,RPI2026F1Bot,MODIFIED
DifoolBot,RPI2026F1Bot,MODIFIED
DifoolBot,RPI2026F1Bot,MODIFIED
DifoolBot,RPI2026F1Bot,MODIFIED
Shei98,Indpcatll,MODIFIED
